Name,Category,CategoryID,GO,Description,PARENT_GO,LogP,Enrichment,Z-score,#TotalGeneInLibrary,#GeneInGO,#GeneInHitList,#GeneInGOAndHitList,%InGO,STDV %InGO,GeneID,Hits,Log(q-value)
gene_name,GO Biological Processes,19,GO:1900182,positive regulation of protein localization to nucleus,19_GO:0051179 localization,-8.5,85,20,30284,94,19,5,26,10,785|1906|4088|7037|9531,CACNB4|EDN1|SMAD3|TFRC|BAG3,-4.2
gene_name,GO Biological Processes,19,GO:1900180,regulation of protein localization to nucleus,19_GO:0051179 localization,-7.6,55,16,30284,146,19,5,26,10,785|1906|4088|7037|9531,CACNB4|EDN1|SMAD3|TFRC|BAG3,-3.5
gene_name,GO Biological Processes,19,GO:0010611,regulation of cardiac muscle hypertrophy,19_GO:0032501 multicellular organismal process,-7,90,19,30284,71,19,4,21,9.4,1906|4088|4851|7222,EDN1|SMAD3|NOTCH1|TRPC3,-3.2
gene_name,GO Biological Processes,19,GO:0014743,regulation of muscle hypertrophy,19_GO:0032501 multicellular organismal process,-6.9,86,18,30284,74,19,4,21,9.4,1906|4088|4851|7222,EDN1|SMAD3|NOTCH1|TRPC3,-3.2
gene_name,GO Biological Processes,19,GO:0048732,gland development,19_GO:0032502 developmental process,-6.7,22,11,30284,428,19,6,32,11,785|1906|2908|4088|4851|7067,CACNB4|EDN1|NR3C1|SMAD3|NOTCH1|THRA,-3.1
gene_name,GO Biological Processes,19,GO:0071345,cellular response to cytokine stimulus,19_GO:0050896 response to stimulus,-6.5,14,9.4,30284,787,19,7,37,11,785|1906|2840|3791|4851|7037|81704,CACNB4|EDN1|GPR17|KDR|NOTCH1|TFRC|DOCK8,-3
gene_name,GO Biological Processes,19,GO:0043502,regulation of muscle adaptation,19_GO:0032501 multicellular organismal process,-6.4,65,16,30284,98,19,4,21,9.4,1906|4088|4851|7222,EDN1|SMAD3|NOTCH1|TRPC3,-2.9
gene_name,GO Biological Processes,19,GO:0030878,thyroid gland development,19_GO:0032502 developmental process,-6.1,1.6e+02,22,30284,30,19,3,16,8.4,1906|4088|7067,EDN1|SMAD3|THRA,-2.7
gene_name,GO Biological Processes,19,GO:0032870,cellular response to hormone stimulus,19_GO:0050896 response to stimulus,-6.1,17,9.6,30284,562,19,6,32,11,1906|2908|3791|4851|7067|23191,EDN1|NR3C1|KDR|NOTCH1|THRA|CYFIP1,-2.7
gene_name,GO Biological Processes,19,GO:0035270,endocrine system development,19_GO:0032502 developmental process,-5.9,49,14,30284,131,19,4,21,9.4,1906|2908|4088|7067,EDN1|NR3C1|SMAD3|THRA,-2.6
gene_name,GO Molecular Functions,21,GO:0031072,heat shock protein binding,,-5.9,49,14,30284,131,19,4,21,9.4,2908|3791|7037|23234,NR3C1|KDR|TFRC|DNAJC9,-2.6
gene_name,GO Biological Processes,19,GO:0060562,epithelial tube morphogenesis,19_GO:0032502 developmental process,-5.9,25,11,30284,316,19,5,26,10,1906|2908|3791|4088|4851,EDN1|NR3C1|KDR|SMAD3|NOTCH1,-2.6
gene_name,GO Biological Processes,19,GO:0019725,cellular homeostasis,19_GO:0042592 homeostatic process,-5.5,14,8.5,30284,703,19,6,32,11,785|1906|4088|7037|7222|9531,CACNB4|EDN1|SMAD3|TFRC|TRPC3|BAG3,-2.3
gene_name,GO Biological Processes,19,GO:0010656,negative regulation of muscle cell apoptotic process,19_GO:0048519 negative regulation of biological process,-5.2,82,16,30284,58,19,3,16,8.4,1906|4851|9531,EDN1|NOTCH1|BAG3,-2
gene_name,GO Biological Processes,19,GO:0098771,inorganic ion homeostasis,19_GO:0042592 homeostatic process,-5.2,18,9,30284,442,19,5,26,10,785|1906|3791|7037|7222,CACNB4|EDN1|KDR|TFRC|TRPC3,-2
gene_name,GO Biological Processes,19,GO:0002009,morphogenesis of an epithelium,19_GO:0032502 developmental process,-5.1,17,8.8,30284,462,19,5,26,10,1906|2908|3791|4088|4851,EDN1|NR3C1|KDR|SMAD3|NOTCH1,-2
gene_name,GO Biological Processes,19,GO:0043269,regulation of monoatomic ion transport,19_GO:0051179 localization,-5.1,17,8.7,30284,472,19,5,26,10,785|1906|3773|5243|7222,CACNB4|EDN1|KCNJ16|ABCB1|TRPC3,-2
gene_name,GO Biological Processes,19,GO:0050920,regulation of chemotaxis,19_GO:0040011 locomotion,-5,29,11,30284,217,19,4,21,9.4,1906|3791|4088|4851,EDN1|KDR|SMAD3|NOTCH1,-2
gene_name,GO Biological Processes,19,GO:1903829,positive regulation of protein localization,19_GO:0051179 localization,-4.9,16,8.4,30284,499,19,5,26,10,785|1906|4088|7037|9531,CACNB4|EDN1|SMAD3|TFRC|BAG3,-1.9
gene_name,GO Biological Processes,19,GO:0055074,calcium ion homeostasis,19_GO:0042592 homeostatic process,-4.9,27,10,30284,232,19,4,21,9.4,785|1906|3791|7222,CACNB4|EDN1|KDR|TRPC3,-1.9
gene_name,GO Biological Processes,19,GO:0055080,monoatomic cation homeostasis,19_GO:0042592 homeostatic process,-4.9,16,8.3,30284,512,19,5,26,10,785|1906|3791|7037|7222,CACNB4|EDN1|KDR|TFRC|TRPC3,-1.9
gene_name,GO Biological Processes,19,GO:0050801,monoatomic ion homeostasis,19_GO:0042592 homeostatic process,-4.8,15,8.2,30284,522,19,5,26,10,785|1906|3791|7037|7222,CACNB4|EDN1|KDR|TFRC|TRPC3,-1.9
gene_name,GO Biological Processes,19,GO:0071363,cellular response to growth factor stimulus,19_GO:0050896 response to stimulus,-4.8,15,8.2,30284,530,19,5,26,10,1906|2908|3791|4088|4851,EDN1|NR3C1|KDR|SMAD3|NOTCH1,-1.8
gene_name,GO Biological Processes,19,GO:0090257,regulation of muscle system process,19_GO:0032501 multicellular organismal process,-4.8,25,9.6,30284,256,19,4,21,9.4,1906|4088|4851|7222,EDN1|SMAD3|NOTCH1|TRPC3,-1.8
gene_name,GO Biological Processes,19,GO:0035050,embryonic heart tube development,19_GO:0032502 developmental process,-4.7,57,13,30284,84,19,3,16,8.4,1906|4088|4851,EDN1|SMAD3|NOTCH1,-1.8
gene_name,GO Biological Processes,19,GO:0070848,response to growth factor,19_GO:0050896 response to stimulus,-4.7,14,7.9,30284,562,19,5,26,10,1906|2908|3791|4088|4851,EDN1|NR3C1|KDR|SMAD3|NOTCH1,-1.8
gene_name,GO Biological Processes,19,GO:0048729,tissue morphogenesis,19_GO:0032502 developmental process,-4.6,14,7.8,30284,579,19,5,26,10,1906|2908|3791|4088|4851,EDN1|NR3C1|KDR|SMAD3|NOTCH1,-1.7
gene_name,GO Biological Processes,19,GO:0044057,regulation of system process,19_GO:0032501 multicellular organismal process,-4.6,14,7.7,30284,584,19,5,26,10,1906|4088|4851|7067|7222,EDN1|SMAD3|NOTCH1|THRA|TRPC3,-1.7
gene_name,GO Biological Processes,19,GO:0055082,intracellular chemical homeostasis,19_GO:0042592 homeostatic process,-4.6,13,7.7,30284,593,19,5,26,10,785|1906|4088|7037|7222,CACNB4|EDN1|SMAD3|TFRC|TRPC3,-1.7
gene_name,GO Biological Processes,19,GO:0030335,positive regulation of cell migration,19_GO:0040011 locomotion,-4.6,13,7.6,30284,600,19,5,26,10,1906|3791|4088|4851|81704,EDN1|KDR|SMAD3|NOTCH1|DOCK8,-1.7
gene_name,GO Biological Processes,19,GO:0010660,regulation of muscle cell apoptotic process,19_GO:0050789 regulation of biological process,-4.5,50,12,30284,96,19,3,16,8.4,1906|4851|9531,EDN1|NOTCH1|BAG3,-1.7
gene_name,GO Biological Processes,19,GO:0001666,response to hypoxia,19_GO:0050896 response to stimulus,-4.5,21,8.8,30284,305,19,4,21,9.4,1906|4088|4851|7037,EDN1|SMAD3|NOTCH1|TFRC,-1.6
gene_name,GO Biological Processes,19,GO:2000147,positive regulation of cell motility,19_GO:0040011 locomotion,-4.5,13,7.4,30284,630,19,5,26,10,1906|3791|4088|4851|81704,EDN1|KDR|SMAD3|NOTCH1|DOCK8,-1.6
gene_name,GO Biological Processes,19,GO:0003158,endothelium development,19_GO:0032502 developmental process,-4.4,45,11,30284,106,19,3,16,8.4,1906|3791|4851,EDN1|KDR|NOTCH1,-1.6
gene_name,GO Biological Processes,19,GO:0030855,epithelial cell differentiation,19_GO:0032502 developmental process,-4.4,12,7.3,30284,646,19,5,26,10,1906|3791|4088|4851|7067,EDN1|KDR|SMAD3|NOTCH1|THRA,-1.6
gene_name,GO Biological Processes,19,GO:0040017,positive regulation of locomotion,19_GO:0040011 locomotion,-4.4,12,7.3,30284,646,19,5,26,10,1906|3791|4088|4851|81704,EDN1|KDR|SMAD3|NOTCH1|DOCK8,-1.6
gene_name,GO Biological Processes,19,GO:0036293,response to decreased oxygen levels,19_GO:0050896 response to stimulus,-4.4,20,8.5,30284,319,19,4,21,9.4,1906|4088|4851|7037,EDN1|SMAD3|NOTCH1|TFRC,-1.6
gene_name,GO Biological Processes,19,GO:0030001,metal ion transport,19_GO:0051179 localization,-4.4,12,7.2,30284,656,19,5,26,10,785|1906|3773|7037|7222,CACNB4|EDN1|KCNJ16|TFRC|TRPC3,-1.6
gene_name,GO Biological Processes,19,GO:0090100,positive regulation of transmembrane receptor protein serine/threonine kinase signaling pathway,19_GO:0048518 positive regulation of biological process,-4.4,43,11,30284,111,19,3,16,8.4,3791|4088|4851,KDR|SMAD3|NOTCH1,-1.6
gene_name,GO Biological Processes,19,GO:0035239,tube morphogenesis,19_GO:0032502 developmental process,-4.3,11,7,30284,694,19,5,26,10,1906|2908|3791|4088|4851,EDN1|NR3C1|KDR|SMAD3|NOTCH1,-1.5
gene_name,GO Biological Processes,19,GO:0034765,regulation of monoatomic ion transmembrane transport,19_GO:0051179 localization,-4.3,18,8.2,30284,345,19,4,21,9.4,785|1906|3773|7222,CACNB4|EDN1|KCNJ16|TRPC3,-1.5
gene_name,GO Biological Processes,19,GO:0070482,response to oxygen levels,19_GO:0050896 response to stimulus,-4.2,18,8.2,30284,347,19,4,21,9.4,1906|4088|4851|7037,EDN1|SMAD3|NOTCH1|TFRC,-1.5
gene_name,GO Biological Processes,19,GO:0008283,cell population proliferation,19_GO:0009987 cellular process,-4.2,11,6.9,30284,718,19,5,26,10,3791|4088|4851|5243|81704,KDR|SMAD3|NOTCH1|ABCB1|DOCK8,-1.5
gene_name,GO Molecular Functions,21,GO:0031490,chromatin DNA binding,,-4.2,37,10,30284,128,19,3,16,8.4,4088|4851|7067,SMAD3|NOTCH1|THRA,-1.5
gene_name,GO Molecular Functions,21,GO:0051087,protein-folding chaperone binding,,-4.1,36,10,30284,134,19,3,16,8.4,7037|9531|23234,TFRC|BAG3|DNAJC9,-1.4
gene_name,GO Biological Processes,19,GO:0090287,regulation of cellular response to growth factor stimulus,19_GO:0050896 response to stimulus,-4.1,17,7.7,30284,384,19,4,21,9.4,3791|4088|4851|23191,KDR|SMAD3|NOTCH1|CYFIP1,-1.4
gene_name,GO Biological Processes,19,GO:0048754,branching morphogenesis of an epithelial tube,19_GO:0032502 developmental process,-4.1,34,9.9,30284,139,19,3,16,8.4,1906|3791|4851,EDN1|KDR|NOTCH1,-1.4
gene_name,GO Biological Processes,19,GO:0060560,developmental growth involved in morphogenesis,19_GO:0040007 growth,-4,34,9.8,30284,141,19,3,16,8.4,1906|4851|23191,EDN1|NOTCH1|CYFIP1,-1.4
gene_name,GO Biological Processes,19,GO:0072073,kidney epithelium development,19_GO:0032502 developmental process,-4,33,9.7,30284,143,19,3,16,8.4,1906|4088|4851,EDN1|SMAD3|NOTCH1,-1.4
gene_name,GO Biological Processes,19,GO:0050921,positive regulation of chemotaxis,19_GO:0040011 locomotion,-4,33,9.6,30284,146,19,3,16,8.4,1906|3791|4088,EDN1|KDR|SMAD3,-1.4
gene_name,GO Biological Processes,19,GO:0043434,response to peptide hormone,19_GO:0050896 response to stimulus,-3.9,15,7.2,30284,431,19,4,21,9.4,1906|3791|4088|23191,EDN1|KDR|SMAD3|CYFIP1,-1.2
gene_name,GO Biological Processes,19,GO:0030003,intracellular monoatomic cation homeostasis,19_GO:0042592 homeostatic process,-3.9,15,7.2,30284,433,19,4,21,9.4,785|1906|7037|7222,CACNB4|EDN1|TFRC|TRPC3,-1.2
gene_name,GO Biological Processes,19,GO:0071560,cellular response to transforming growth factor beta stimulus,19_GO:0050896 response to stimulus,-3.9,29,9.1,30284,163,19,3,16,8.4,1906|2908|4088,EDN1|NR3C1|SMAD3,-1.2
gene_name,GO Biological Processes,19,GO:0048589,developmental growth,19_GO:0040007 growth,-3.8,14,7.1,30284,441,19,4,21,9.4,1906|4088|4851|23191,EDN1|SMAD3|NOTCH1|CYFIP1,-1.2
gene_name,GO Biological Processes,19,GO:0040007,growth,19_GO:0040007 growth,-3.8,14,7.1,30284,441,19,4,21,9.4,1906|4088|4851|23191,EDN1|SMAD3|NOTCH1|CYFIP1,-1.2
gene_name,GO Biological Processes,19,GO:0006873,intracellular monoatomic ion homeostasis,19_GO:0042592 homeostatic process,-3.8,14,7.1,30284,442,19,4,21,9.4,785|1906|7037|7222,CACNB4|EDN1|TFRC|TRPC3,-1.2
gene_name,GO Biological Processes,19,GO:0032102,negative regulation of response to external stimulus,19_GO:0048519 negative regulation of biological process,-3.8,14,7.1,30284,445,19,4,21,9.4,1906|2840|4088|4851,EDN1|GPR17|SMAD3|NOTCH1,-1.2
gene_name,GO Biological Processes,19,GO:0061138,morphogenesis of a branching epithelium,19_GO:0032502 developmental process,-3.8,28,8.9,30284,168,19,3,16,8.4,1906|3791|4851,EDN1|KDR|NOTCH1,-1.2
gene_name,GO Biological Processes,19,GO:0071559,response to transforming growth factor beta,19_GO:0050896 response to stimulus,-3.8,28,8.9,30284,170,19,3,16,8.4,1906|2908|4088,EDN1|NR3C1|SMAD3,-1.2
gene_name,GO Biological Processes,19,GO:0048639,positive regulation of developmental growth,19_GO:0040007 growth,-3.8,28,8.9,30284,171,19,3,16,8.4,1906|4851|23191,EDN1|NOTCH1|CYFIP1,-1.2
gene_name,GO Biological Processes,19,GO:0048568,embryonic organ development,19_GO:0032502 developmental process,-3.8,14,7,30284,454,19,4,21,9.4,1906|3791|4088|4851,EDN1|KDR|SMAD3|NOTCH1,-1.2
gene_name,GO Biological Processes,19,GO:1902905,positive regulation of supramolecular fiber organization,19_GO:0048518 positive regulation of biological process,-3.8,27,8.7,30284,177,19,3,16,8.4,1906|4088|23191,EDN1|SMAD3|CYFIP1,-1.2
gene_name,GO Biological Processes,19,GO:0001763,morphogenesis of a branching structure,19_GO:0032502 developmental process,-3.7,27,8.6,30284,179,19,3,16,8.4,1906|3791|4851,EDN1|KDR|NOTCH1,-1.2
gene_name,GO Biological Processes,19,GO:0034762,regulation of transmembrane transport,19_GO:0051179 localization,-3.7,13,6.8,30284,478,19,4,21,9.4,785|1906|3773|7222,CACNB4|EDN1|KCNJ16|TRPC3,-1.2
gene_name,GO Biological Processes,19,GO:0051495,positive regulation of cytoskeleton organization,19_GO:0048518 positive regulation of biological process,-3.7,26,8.5,30284,186,19,3,16,8.4,1906|4088|23191,EDN1|SMAD3|CYFIP1,-1.2
gene_name,GO Biological Processes,19,GO:0030324,lung development,19_GO:0032502 developmental process,-3.6,25,8.3,30284,193,19,3,16,8.4,3791|4851|7067,KDR|NOTCH1|THRA,-1.1
gene_name,GO Biological Processes,19,GO:0010638,positive regulation of organelle organization,19_GO:0048518 positive regulation of biological process,-3.6,13,6.6,30284,499,19,4,21,9.4,1906|3791|4088|23191,EDN1|KDR|SMAD3|CYFIP1,-1.1
gene_name,GO Biological Processes,19,GO:0045785,positive regulation of cell adhesion,19_GO:0048518 positive regulation of biological process,-3.6,13,6.6,30284,499,19,4,21,9.4,3791|4088|7037|81704,KDR|SMAD3|TFRC|DOCK8,-1.1
gene_name,GO Biological Processes,19,GO:0051091,positive regulation of DNA-binding transcription factor activity,19_GO:0050789 regulation of biological process,-3.6,25,8.3,30284,195,19,3,16,8.4,1906|4088|7037,EDN1|SMAD3|TFRC,-1.1
gene_name,GO Biological Processes,19,GO:0030323,respiratory tube development,19_GO:0032502 developmental process,-3.6,24,8.2,30284,197,19,3,16,8.4,3791|4851|7067,KDR|NOTCH1|THRA,-1.1
gene_name,GO Biological Processes,19,GO:0071466,cellular response to xenobiotic stimulus,19_GO:0050896 response to stimulus,-3.6,24,8.2,30284,197,19,3,16,8.4,1906|5243|7037,EDN1|ABCB1|TFRC,-1.1
gene_name,GO Biological Processes,19,GO:0044089,positive regulation of cellular component biogenesis,19_GO:0048518 positive regulation of biological process,-3.6,12,6.5,30284,512,19,4,21,9.4,3791|4088|7037|23191,KDR|SMAD3|TFRC|CYFIP1,-1.1
gene_name,GO Biological Processes,19,GO:0022407,regulation of cell-cell adhesion,19_GO:0050789 regulation of biological process,-3.6,12,6.5,30284,513,19,4,21,9.4,4851|5074|7037|81704,NOTCH1|PAWR|TFRC|DOCK8,-1.1
gene_name,GO Biological Processes,19,GO:0003013,circulatory system process,19_GO:0032501 multicellular organismal process,-3.6,12,6.5,30284,519,19,4,21,9.4,1906|4088|5243|7037,EDN1|SMAD3|ABCB1|TFRC,-1.1
gene_name,GO Biological Processes,19,GO:0006874,intracellular calcium ion homeostasis,19_GO:0042592 homeostatic process,-3.6,23,8.1,30284,204,19,3,16,8.4,785|1906|7222,CACNB4|EDN1|TRPC3,-1.1
gene_name,GO Cellular Components,20,GO:0043235,receptor complex,,-3.5,12,6.3,30284,542,19,4,21,9.4,3791|4088|4851|7037,KDR|SMAD3|NOTCH1|TFRC,-1
gene_name,GO Biological Processes,19,GO:0010001,glial cell differentiation,19_GO:0032502 developmental process,-3.5,22,7.8,30284,216,19,3,16,8.4,2840|2908|4851,GPR17|NR3C1|NOTCH1,-1
gene_name,GO Biological Processes,19,GO:0060541,respiratory system development,19_GO:0032502 developmental process,-3.5,22,7.7,30284,220,19,3,16,8.4,3791|4851|7067,KDR|NOTCH1|THRA,-1
gene_name,GO Biological Processes,19,GO:0070588,calcium ion transmembrane transport,19_GO:0051179 localization,-3.5,22,7.7,30284,221,19,3,16,8.4,785|1906|7222,CACNB4|EDN1|TRPC3,-1
gene_name,GO Biological Processes,19,GO:0010810,regulation of cell-substrate adhesion,19_GO:0050789 regulation of biological process,-3.5,21,7.7,30284,224,19,3,16,8.4,3791|4088|4851,KDR|SMAD3|NOTCH1,-1
gene_name,GO Biological Processes,19,GO:0007411,axon guidance,19_GO:0032502 developmental process,-3.4,21,7.6,30284,228,19,3,16,8.4,1906|4851|23191,EDN1|NOTCH1|CYFIP1,-1
gene_name,GO Cellular Components,20,GO:0034703,cation channel complex,,-3.4,21,7.6,30284,228,19,3,16,8.4,785|3773|7222,CACNB4|KCNJ16|TRPC3,-1
gene_name,GO Biological Processes,19,GO:0097485,neuron projection guidance,19_GO:0032502 developmental process,-3.4,21,7.6,30284,229,19,3,16,8.4,1906|4851|23191,EDN1|NOTCH1|CYFIP1,-1
gene_name,GO Biological Processes,19,GO:0061448,connective tissue development,19_GO:0032502 developmental process,-3.4,20,7.5,30284,234,19,3,16,8.4,1906|4851|7067,EDN1|NOTCH1|THRA,-0.98
gene_name,GO Biological Processes,19,GO:0007507,heart development,19_GO:0032502 developmental process,-3.4,11,6.1,30284,578,19,4,21,9.4,1906|3791|4088|4851,EDN1|KDR|SMAD3|NOTCH1,-0.98
gene_name,GO Biological Processes,19,GO:0010594,regulation of endothelial cell migration,19_GO:0040011 locomotion,-3.4,20,7.4,30284,236,19,3,16,8.4,1906|3791|4851,EDN1|KDR|NOTCH1,-0.98
gene_name,GO Biological Processes,19,GO:0060485,mesenchyme development,19_GO:0032502 developmental process,-3.3,19,7.2,30284,248,19,3,16,8.4,1906|4088|4851,EDN1|SMAD3|NOTCH1,-0.92
gene_name,GO Biological Processes,19,GO:0007423,sensory organ development,19_GO:0032502 developmental process,-3.3,10,5.9,30284,609,19,4,21,9.4,1906|3791|4088|4851,EDN1|KDR|SMAD3|NOTCH1,-0.91
gene_name,GO Biological Processes,19,GO:0040008,regulation of growth,19_GO:0040007 growth,-3.3,10,5.9,30284,616,19,4,21,9.4,1906|4088|4851|23191,EDN1|SMAD3|NOTCH1|CYFIP1,-0.9
gene_name,GO Biological Processes,19,GO:0045165,cell fate commitment,19_GO:0032502 developmental process,-3.3,19,7.1,30284,257,19,3,16,8.4,1906|3791|4851,EDN1|KDR|NOTCH1,-0.89
gene_name,GO Biological Processes,19,GO:0045927,positive regulation of growth,19_GO:0040007 growth,-3.3,18,7.1,30284,259,19,3,16,8.4,1906|4851|23191,EDN1|NOTCH1|CYFIP1,-0.89
gene_name,GO Biological Processes,19,GO:0003007,heart morphogenesis,19_GO:0032502 developmental process,-3.2,18,7,30284,265,19,3,16,8.4,1906|4088|4851,EDN1|SMAD3|NOTCH1,-0.86
gene_name,GO Biological Processes,19,GO:0048871,multicellular organismal-level homeostasis,19_GO:0042592 homeostatic process,-3.2,10,5.8,30284,638,19,4,21,9.4,3791|4851|7037|7067,KDR|NOTCH1|TFRC|THRA,-0.86
gene_name,GO Biological Processes,19,GO:0006816,calcium ion transport,19_GO:0051179 localization,-3.2,18,6.9,30284,272,19,3,16,8.4,785|1906|7222,CACNB4|EDN1|TRPC3,-0.84
gene_name,GO Biological Processes,19,GO:0042063,gliogenesis,19_GO:0032502 developmental process,-3.2,17,6.8,30284,275,19,3,16,8.4,2840|2908|4851,GPR17|NR3C1|NOTCH1,-0.83
gene_name,GO Biological Processes,19,GO:0003018,vascular process in circulatory system,19_GO:0032501 multicellular organismal process,-3.2,17,6.8,30284,278,19,3,16,8.4,1906|5243|7037,EDN1|ABCB1|TFRC,-0.82
gene_name,GO Biological Processes,19,GO:0090596,sensory organ morphogenesis,19_GO:0032502 developmental process,-3.2,17,6.7,30284,283,19,3,16,8.4,1906|3791|4851,EDN1|KDR|NOTCH1,-0.8
gene_name,GO Biological Processes,19,GO:0098662,inorganic cation transmembrane transport,19_GO:0051179 localization,-3.1,9.3,5.5,30284,686,19,4,21,9.4,785|1906|3773|7222,CACNB4|EDN1|KCNJ16|TRPC3,-0.76
gene_name,GO Biological Processes,19,GO:0030097,hemopoiesis,19_GO:0032502 developmental process,-3.1,9.2,5.5,30284,690,19,4,21,9.4,2908|3791|7037|7067,NR3C1|KDR|TFRC|THRA,-0.76
gene_name,GO Biological Processes,19,GO:0071375,cellular response to peptide hormone stimulus,19_GO:0050896 response to stimulus,-3.1,16,6.5,30284,299,19,3,16,8.4,1906|3791|23191,EDN1|KDR|CYFIP1,-0.75
gene_name,GO Molecular Functions,21,GO:0019901,protein kinase binding,,-3.1,9.1,5.4,30284,699,19,4,21,9.4,785|2908|4088|7037,CACNB4|NR3C1|SMAD3|TFRC,-0.75
gene_name,GO Biological Processes,19,GO:0048562,embryonic organ morphogenesis,19_GO:0032502 developmental process,-3.1,16,6.5,30284,300,19,3,16,8.4,1906|4088|4851,EDN1|SMAD3|NOTCH1,-0.75
gene_name,GO Biological Processes,19,GO:0098655,monoatomic cation transmembrane transport,19_GO:0051179 localization,-3.1,9.1,5.4,30284,701,19,4,21,9.4,785|1906|3773|7222,CACNB4|EDN1|KCNJ16|TRPC3,-0.75
gene_name,GO Biological Processes,19,GO:0030099,myeloid cell differentiation,19_GO:0032502 developmental process,-3.1,16,6.5,30284,305,19,3,16,8.4,2908|7037|7067,NR3C1|TFRC|THRA,-0.74
gene_name,GO Biological Processes,19,GO:0001822,kidney development,19_GO:0032502 developmental process,-3,16,6.4,30284,308,19,3,16,8.4,1906|4088|4851,EDN1|SMAD3|NOTCH1,-0.73
gene_name,GO Biological Processes,19,GO:1904062,regulation of monoatomic cation transmembrane transport,19_GO:0051179 localization,-3,15,6.4,30284,311,19,3,16,8.4,785|1906|7222,CACNB4|EDN1|TRPC3,-0.72
gene_name,GO Cellular Components,20,GO:0045178,basal part of cell,,-3,15,6.3,30284,318,19,3,16,8.4,1906|3773|7037,EDN1|KCNJ16|TFRC,-0.7
gene_name,GO Molecular Functions,21,GO:0022836,gated channel activity,,-3,15,6.3,30284,318,19,3,16,8.4,785|3773|7222,CACNB4|KCNJ16|TRPC3,-0.7
gene_name,GO Biological Processes,19,GO:0072001,renal system development,19_GO:0032502 developmental process,-3,15,6.3,30284,319,19,3,16,8.4,1906|4088|4851,EDN1|SMAD3|NOTCH1,-0.7
gene_name,GO Cellular Components,20,GO:0098552,side of membrane,,-3,8.6,5.2,30284,742,19,4,21,9.4,785|3791|5243|7037,CACNB4|KDR|ABCB1|TFRC,-0.69
gene_name,GO Biological Processes,19,GO:0048638,regulation of developmental growth,19_GO:0040007 growth,-3,15,6.2,30284,327,19,3,16,8.4,1906|4851|23191,EDN1|NOTCH1|CYFIP1,-0.68
gene_name,GO Biological Processes,19,GO:0090092,regulation of transmembrane receptor protein serine/threonine kinase signaling pathway,19_GO:0050896 response to stimulus,-3,15,6.2,30284,329,19,3,16,8.4,3791|4088|4851,KDR|SMAD3|NOTCH1,-0.68
gene_name,GO Biological Processes,19,GO:0097190,apoptotic signaling pathway,19_GO:0050896 response to stimulus,-3,14,6.2,30284,332,19,3,16,8.4,4088|5074|9531,SMAD3|PAWR|BAG3,-0.67
gene_name,GO Biological Processes,19,GO:0051090,regulation of DNA-binding transcription factor activity,19_GO:0050789 regulation of biological process,-2.9,14,6.1,30284,338,19,3,16,8.4,1906|4088|7037,EDN1|SMAD3|TFRC,-0.65
gene_name,GO Molecular Functions,21,GO:0005261,monoatomic cation channel activity,,-2.9,14,6.1,30284,341,19,3,16,8.4,785|3773|7222,CACNB4|KCNJ16|TRPC3,-0.64
gene_name,GO Molecular Functions,21,GO:0019900,kinase binding,,-2.9,8.2,5.1,30284,778,19,4,21,9.4,785|2908|4088|7037,CACNB4|NR3C1|SMAD3|TFRC,-0.64
gene_name,GO Biological Processes,19,GO:0098660,inorganic ion transmembrane transport,19_GO:0051179 localization,-2.9,8.2,5.1,30284,780,19,4,21,9.4,785|1906|3773|7222,CACNB4|EDN1|KCNJ16|TRPC3,-0.64
gene_name,GO Biological Processes,19,GO:0010038,response to metal ion,19_GO:0050896 response to stimulus,-2.9,14,6,30284,346,19,3,16,8.4,1906|7037|7222,EDN1|TFRC|TRPC3,-0.64
gene_name,GO Biological Processes,19,GO:0001525,angiogenesis,19_GO:0032502 developmental process,-2.9,14,6,30284,347,19,3,16,8.4,1906|3791|4851,EDN1|KDR|NOTCH1,-0.64
gene_name,GO Biological Processes,19,GO:0008285,negative regulation of cell population proliferation,19_GO:0048519 negative regulation of biological process,-2.9,8,5,30284,795,19,4,21,9.4,785|4088|4851|5074,CACNB4|SMAD3|NOTCH1|PAWR,-0.62
gene_name,GO Biological Processes,19,GO:0032956,regulation of actin cytoskeleton organization,19_GO:0050789 regulation of biological process,-2.9,14,5.9,30284,354,19,3,16,8.4,1906|4088|23191,EDN1|SMAD3|CYFIP1,-0.62
gene_name,GO Biological Processes,19,GO:0043010,camera-type eye development,19_GO:0032502 developmental process,-2.9,13,5.9,30284,355,19,3,16,8.4,3791|4088|4851,KDR|SMAD3|NOTCH1,-0.62
gene_name,GO Cellular Components,20,GO:0034702,monoatomic ion channel complex,,-2.8,13,5.8,30284,366,19,3,16,8.4,785|3773|7222,CACNB4|KCNJ16|TRPC3,-0.58
gene_name,GO Biological Processes,19,GO:0007409,axonogenesis,19_GO:0032502 developmental process,-2.8,13,5.8,30284,370,19,3,16,8.4,1906|4851|23191,EDN1|NOTCH1|CYFIP1,-0.57
gene_name,GO Biological Processes,19,GO:1903037,regulation of leukocyte cell-cell adhesion,19_GO:0050789 regulation of biological process,-2.7,12,5.6,30284,395,19,3,16,8.4,5074|7037|81704,PAWR|TFRC|DOCK8,-0.5
gene_name,GO Biological Processes,19,GO:0050863,regulation of T cell activation,19_GO:0002376 immune system process,-2.7,12,5.6,30284,395,19,3,16,8.4,5074|7037|81704,PAWR|TFRC|DOCK8,-0.5
gene_name,GO Biological Processes,19,GO:0001701,in utero embryonic development,19_GO:0032502 developmental process,-2.7,12,5.6,30284,397,19,3,16,8.4,1906|4088|4851,EDN1|SMAD3|NOTCH1,-0.5
gene_name,GO Biological Processes,19,GO:0032970,regulation of actin filament-based process,19_GO:0050789 regulation of biological process,-2.7,12,5.5,30284,398,19,3,16,8.4,1906|4088|23191,EDN1|SMAD3|CYFIP1,-0.5
gene_name,GO Cellular Components,20,GO:0009897,external side of plasma membrane,,-2.7,12,5.5,30284,401,19,3,16,8.4,3791|5243|7037,KDR|ABCB1|TFRC,-0.49
gene_name,GO Biological Processes,19,GO:1902903,regulation of supramolecular fiber organization,19_GO:0050789 regulation of biological process,-2.7,12,5.5,30284,402,19,3,16,8.4,1906|4088|23191,EDN1|SMAD3|CYFIP1,-0.49
gene_name,GO Biological Processes,19,GO:0001654,eye development,19_GO:0032502 developmental process,-2.7,12,5.5,30284,403,19,3,16,8.4,3791|4088|4851,KDR|SMAD3|NOTCH1,-0.49
gene_name,GO Biological Processes,19,GO:0150063,visual system development,19_GO:0032502 developmental process,-2.7,12,5.5,30284,407,19,3,16,8.4,3791|4088|4851,KDR|SMAD3|NOTCH1,-0.48
gene_name,GO Biological Processes,19,GO:0050678,regulation of epithelial cell proliferation,19_GO:0050789 regulation of biological process,-2.7,12,5.5,30284,409,19,3,16,8.4,3791|4088|4851,KDR|SMAD3|NOTCH1,-0.48
gene_name,GO Biological Processes,19,GO:0001558,regulation of cell growth,19_GO:0040007 growth,-2.7,12,5.4,30284,410,19,3,16,8.4,1906|4088|23191,EDN1|SMAD3|CYFIP1,-0.48
gene_name,GO Biological Processes,19,GO:0003002,regionalization,19_GO:0032502 developmental process,-2.7,12,5.4,30284,413,19,3,16,8.4,1906|4088|4851,EDN1|SMAD3|NOTCH1,-0.48
gene_name,GO Biological Processes,19,GO:0001934,positive regulation of protein phosphorylation,19_GO:0048518 positive regulation of biological process,-2.7,12,5.4,30284,414,19,3,16,8.4,1906|3791|7037,EDN1|KDR|TFRC,-0.48
gene_name,GO Biological Processes,19,GO:0007268,chemical synaptic transmission,19_GO:0050789 regulation of biological process,-2.7,12,5.4,30284,414,19,3,16,8.4,785|2908|4851,CACNB4|NR3C1|NOTCH1,-0.48
gene_name,GO Biological Processes,19,GO:0098916,anterograde trans-synaptic signaling,19_GO:0050789 regulation of biological process,-2.7,12,5.4,30284,414,19,3,16,8.4,785|2908|4851,CACNB4|NR3C1|NOTCH1,-0.48
gene_name,GO Biological Processes,19,GO:0048880,sensory system development,19_GO:0032502 developmental process,-2.7,12,5.4,30284,414,19,3,16,8.4,3791|4088|4851,KDR|SMAD3|NOTCH1,-0.48
gene_name,GO Biological Processes,19,GO:0006366,transcription by RNA polymerase II,19_GO:0009987 cellular process,-2.7,11,5.4,30284,417,19,3,16,8.4,1906|4851|7067,EDN1|NOTCH1|THRA,-0.48
gene_name,GO Biological Processes,19,GO:0061564,axon development,19_GO:0032502 developmental process,-2.6,11,5.3,30284,427,19,3,16,8.4,1906|4851|23191,EDN1|NOTCH1|CYFIP1,-0.45
gene_name,GO Biological Processes,19,GO:0019221,cytokine-mediated signaling pathway,19_GO:0050896 response to stimulus,-2.6,11,5.3,30284,431,19,3,16,8.4,2840|3791|4851,GPR17|KDR|NOTCH1,-0.44
gene_name,GO Biological Processes,19,GO:0099537,trans-synaptic signaling,19_GO:0050789 regulation of biological process,-2.6,11,5.3,30284,434,19,3,16,8.4,785|2908|4851,CACNB4|NR3C1|NOTCH1,-0.44
gene_name,GO Biological Processes,19,GO:0009410,response to xenobiotic stimulus,19_GO:0050896 response to stimulus,-2.6,11,5.2,30284,437,19,3,16,8.4,1906|5243|7037,EDN1|ABCB1|TFRC,-0.44
gene_name,GO Biological Processes,19,GO:0042327,positive regulation of phosphorylation,19_GO:0048518 positive regulation of biological process,-2.6,11,5.2,30284,437,19,3,16,8.4,1906|3791|7037,EDN1|KDR|TFRC,-0.44
gene_name,GO Biological Processes,19,GO:0043254,regulation of protein-containing complex assembly,19_GO:0050789 regulation of biological process,-2.6,11,5.2,30284,438,19,3,16,8.4,7037|7067|23191,TFRC|THRA|CYFIP1,-0.44
gene_name,GO Biological Processes,19,GO:0048514,blood vessel morphogenesis,19_GO:0032502 developmental process,-2.6,11,5.2,30284,441,19,3,16,8.4,1906|3791|4851,EDN1|KDR|NOTCH1,-0.43
gene_name,GO Molecular Functions,21,GO:0005216,monoatomic ion channel activity,,-2.6,11,5.2,30284,448,19,3,16,8.4,785|3773|7222,CACNB4|KCNJ16|TRPC3,-0.41
gene_name,GO Biological Processes,19,GO:0048667,cell morphogenesis involved in neuron differentiation,19_GO:0032502 developmental process,-2.6,11,5.2,30284,449,19,3,16,8.4,1906|4851|23191,EDN1|NOTCH1|CYFIP1,-0.41
gene_name,GO Molecular Functions,21,GO:0046873,metal ion transmembrane transporter activity,,-2.6,11,5.2,30284,450,19,3,16,8.4,785|3773|7222,CACNB4|KCNJ16|TRPC3,-0.41
gene_name,GO Biological Processes,19,GO:0007389,pattern specification process,19_GO:0032502 developmental process,-2.5,10,5.1,30284,461,19,3,16,8.4,1906|4088|4851,EDN1|SMAD3|NOTCH1,-0.39
gene_name,GO Biological Processes,19,GO:0042391,regulation of membrane potential,19_GO:0065007 biological regulation,-2.5,10,5.1,30284,463,19,3,16,8.4,785|1906|3791,CACNB4|EDN1|KDR,-0.39
gene_name,GO Biological Processes,19,GO:0043410,positive regulation of MAPK cascade,19_GO:0048518 positive regulation of biological process,-2.5,10,5.1,30284,464,19,3,16,8.4,1906|3791|4851,EDN1|KDR|NOTCH1,-0.39
gene_name,GO Biological Processes,19,GO:0051051,negative regulation of transport,19_GO:0051179 localization,-2.5,10,5,30284,467,19,3,16,8.4,1906|4851|23191,EDN1|NOTCH1|CYFIP1,-0.38
gene_name,GO Biological Processes,19,GO:0099536,synaptic signaling,19_GO:0050789 regulation of biological process,-2.5,10,5,30284,469,19,3,16,8.4,785|2908|4851,CACNB4|NR3C1|NOTCH1,-0.38
gene_name,GO Molecular Functions,21,GO:0001228,"DNA-binding transcription activator activity, RNA polymerase II-specific",,-2.5,9.9,4.9,30284,484,19,3,16,8.4,2908|4088|4851,NR3C1|SMAD3|NOTCH1,-0.34
gene_name,GO Molecular Functions,21,GO:0001216,DNA-binding transcription activator activity,,-2.5,9.7,4.9,30284,491,19,3,16,8.4,2908|4088|4851,NR3C1|SMAD3|NOTCH1,-0.33
gene_name,GO Biological Processes,19,GO:0010562,positive regulation of phosphorus metabolic process,19_GO:0048518 positive regulation of biological process,-2.5,9.7,4.9,30284,493,19,3,16,8.4,1906|3791|7037,EDN1|KDR|TFRC,-0.33
gene_name,GO Biological Processes,19,GO:0045937,positive regulation of phosphate metabolic process,19_GO:0048518 positive regulation of biological process,-2.5,9.7,4.9,30284,493,19,3,16,8.4,1906|3791|7037,EDN1|KDR|TFRC,-0.33
gene_name,GO Biological Processes,19,GO:0140352,export from cell,19_GO:0051179 localization,-2.5,9.7,4.9,30284,495,19,3,16,8.4,1906|4851|5243,EDN1|NOTCH1|ABCB1,-0.33
gene_name,GO Biological Processes,19,GO:0048812,neuron projection morphogenesis,19_GO:0032502 developmental process,-2.5,9.6,4.8,30284,498,19,3,16,8.4,1906|4851|23191,EDN1|NOTCH1|CYFIP1,-0.32
gene_name,GO Biological Processes,19,GO:0120039,plasma membrane bounded cell projection morphogenesis,19_GO:0032502 developmental process,-2.4,9.5,4.8,30284,503,19,3,16,8.4,1906|4851|23191,EDN1|NOTCH1|CYFIP1,-0.31
gene_name,GO Cellular Components,20,GO:1902495,transmembrane transporter complex,,-2.4,9.5,4.8,30284,503,19,3,16,8.4,785|3773|7222,CACNB4|KCNJ16|TRPC3,-0.31
gene_name,GO Molecular Functions,21,GO:0015267,channel activity,,-2.4,9.4,4.8,30284,510,19,3,16,8.4,785|3773|7222,CACNB4|KCNJ16|TRPC3,-0.31
gene_name,GO Biological Processes,19,GO:0048858,cell projection morphogenesis,19_GO:0032502 developmental process,-2.4,9.4,4.8,30284,510,19,3,16,8.4,1906|4851|23191,EDN1|NOTCH1|CYFIP1,-0.31
gene_name,GO Molecular Functions,21,GO:0022803,passive transmembrane transporter activity,,-2.4,9.4,4.8,30284,510,19,3,16,8.4,785|3773|7222,CACNB4|KCNJ16|TRPC3,-0.31
gene_name,GO Biological Processes,19,GO:0001501,skeletal system development,19_GO:0032502 developmental process,-2.4,9.4,4.8,30284,511,19,3,16,8.4,1906|4088|7067,EDN1|SMAD3|THRA,-0.31
gene_name,GO Biological Processes,19,GO:0050804,modulation of chemical synaptic transmission,19_GO:0050789 regulation of biological process,-2.4,9.2,4.7,30284,518,19,3,16,8.4,785|1906|23191,CACNB4|EDN1|CYFIP1,-0.29
gene_name,GO Biological Processes,19,GO:0099177,regulation of trans-synaptic signaling,19_GO:0050789 regulation of biological process,-2.4,9.2,4.7,30284,519,19,3,16,8.4,785|1906|23191,CACNB4|EDN1|CYFIP1,-0.29
gene_name,GO Biological Processes,19,GO:0051249,regulation of lymphocyte activation,19_GO:0002376 immune system process,-2.4,9.2,4.7,30284,521,19,3,16,8.4,5074|7037|81704,PAWR|TFRC|DOCK8,-0.29
gene_name,GO Cellular Components,20,GO:1990351,transporter complex,,-2.4,9,4.7,30284,530,19,3,16,8.4,785|3773|7222,CACNB4|KCNJ16|TRPC3,-0.27
gene_name,GO Biological Processes,19,GO:0001568,blood vessel development,19_GO:0032502 developmental process,-2.4,9,4.6,30284,534,19,3,16,8.4,1906|3791|4851,EDN1|KDR|NOTCH1,-0.26
gene_name,GO Biological Processes,19,GO:0051493,regulation of cytoskeleton organization,19_GO:0050789 regulation of biological process,-2.4,8.9,4.6,30284,539,19,3,16,8.4,1906|4088|23191,EDN1|SMAD3|CYFIP1,-0.26
gene_name,GO Biological Processes,19,GO:0046903,secretion,19_GO:0051179 localization,-2.3,8.7,4.6,30284,550,19,3,16,8.4,785|1906|4851,CACNB4|EDN1|NOTCH1,-0.23
gene_name,GO Biological Processes,19,GO:0006351,DNA-templated transcription,19_GO:0009987 cellular process,-2.3,8.7,4.6,30284,551,19,3,16,8.4,1906|4851|7067,EDN1|NOTCH1|THRA,-0.23
gene_name,GO Biological Processes,19,GO:0001944,vasculature development,19_GO:0032502 developmental process,-2.3,8.6,4.5,30284,556,19,3,16,8.4,1906|3791|4851,EDN1|KDR|NOTCH1,-0.23
gene_name,GO Biological Processes,19,GO:0034330,cell junction organization,19_GO:0009987 cellular process,-2.3,8.4,4.5,30284,566,19,3,16,8.4,785|4088|23191,CACNB4|SMAD3|CYFIP1,-0.21
gene_name,GO Biological Processes,19,GO:0043065,positive regulation of apoptotic process,19_GO:0048518 positive regulation of biological process,-2.3,8.4,4.5,30284,569,19,3,16,8.4,2908|4851|5074,NR3C1|NOTCH1|PAWR,-0.2
gene_name,GO Biological Processes,19,GO:1903530,regulation of secretion by cell,19_GO:0051179 localization,-2.3,8.4,4.5,30284,571,19,3,16,8.4,785|1906|4851,CACNB4|EDN1|NOTCH1,-0.2
gene_name,GO Biological Processes,19,GO:0031401,positive regulation of protein modification process,19_GO:0048518 positive regulation of biological process,-2.3,8.3,4.4,30284,574,19,3,16,8.4,1906|3791|7037,EDN1|KDR|TFRC,-0.2
gene_name,GO Biological Processes,19,GO:0006954,inflammatory response,19_GO:0050896 response to stimulus,-2.3,8.3,4.4,30284,577,19,3,16,8.4,2908|4851|7037,NR3C1|NOTCH1|TFRC,-0.19
gene_name,GO Cellular Components,20,GO:0098978,glutamatergic synapse,,-2.3,8.2,4.4,30284,582,19,3,16,8.4,785|4851|7037,CACNB4|NOTCH1|TFRC,-0.19
gene_name,GO Biological Processes,19,GO:0043068,positive regulation of programmed cell death,19_GO:0048518 positive regulation of biological process,-2.3,8.2,4.4,30284,586,19,3,16,8.4,2908|4851|5074,NR3C1|NOTCH1|PAWR,-0.18
gene_name,GO Biological Processes,19,GO:0032103,positive regulation of response to external stimulus,19_GO:0048518 positive regulation of biological process,-2.3,8.1,4.4,30284,588,19,3,16,8.4,1906|3791|4088,EDN1|KDR|SMAD3,-0.18
gene_name,GO Molecular Functions,21,GO:0008134,transcription factor binding,,-2.2,8.1,4.4,30284,592,19,3,16,8.4,2908|4088|7067,NR3C1|SMAD3|THRA,-0.17
gene_name,GO Biological Processes,19,GO:0002694,regulation of leukocyte activation,19_GO:0002376 immune system process,-2.2,8.1,4.4,30284,593,19,3,16,8.4,5074|7037|81704,PAWR|TFRC|DOCK8,-0.17
gene_name,GO Biological Processes,19,GO:0048598,embryonic morphogenesis,19_GO:0032502 developmental process,-2.2,8,4.3,30284,597,19,3,16,8.4,1906|4088|4851,EDN1|SMAD3|NOTCH1,-0.17
gene_name,GO Molecular Functions,21,GO:0003682,chromatin binding,,-2.2,7.8,4.3,30284,615,19,3,16,8.4,4088|4851|7067,SMAD3|NOTCH1|THRA,-0.13
gene_name,GO Molecular Functions,21,GO:0022890,inorganic cation transmembrane transporter activity,,-2.2,7.8,4.2,30284,616,19,3,16,8.4,785|3773|7222,CACNB4|KCNJ16|TRPC3,-0.13
gene_name,GO Biological Processes,19,GO:0051046,regulation of secretion,19_GO:0051179 localization,-2.2,7.6,4.2,30284,626,19,3,16,8.4,785|1906|4851,CACNB4|EDN1|NOTCH1,-0.12
gene_name,GO Biological Processes,19,GO:0045321,leukocyte activation,19_GO:0002376 immune system process,-2.2,7.6,4.2,30284,626,19,3,16,8.4,1906|4088|81704,EDN1|SMAD3|DOCK8,-0.12
gene_name,GO Biological Processes,19,GO:0007167,enzyme-linked receptor protein signaling pathway,19_GO:0050896 response to stimulus,-2.2,7.6,4.2,30284,629,19,3,16,8.4,3791|4088|55715,KDR|SMAD3|DOK4,-0.12
gene_name,GO Biological Processes,19,GO:1901699,cellular response to nitrogen compound,19_GO:0050896 response to stimulus,-2.2,7.6,4.2,30284,633,19,3,16,8.4,1906|3791|23191,EDN1|KDR|CYFIP1,-0.11
gene_name,GO Biological Processes,19,GO:0007610,behavior,19_GO:0032501 multicellular organismal process,-2.2,7.5,4.2,30284,634,19,3,16,8.4,785|2908|7067,CACNB4|NR3C1|THRA,-0.11
gene_name,GO Biological Processes,19,GO:0001932,regulation of protein phosphorylation,19_GO:0050789 regulation of biological process,-2.1,7.4,4.1,30284,644,19,3,16,8.4,1906|3791|7037,EDN1|KDR|TFRC,-0.094
gene_name,GO Molecular Functions,21,GO:0008324,monoatomic cation transmembrane transporter activity,,-2.1,7.3,4.1,30284,651,19,3,16,8.4,785|3773|7222,CACNB4|KCNJ16|TRPC3,-0.083
gene_name,GO Biological Processes,19,GO:0050865,regulation of cell activation,19_GO:0032501 multicellular organismal process,-2.1,7.3,4.1,30284,653,19,3,16,8.4,5074|7037|81704,PAWR|TFRC|DOCK8,-0.082
gene_name,GO Biological Processes,19,GO:0043009,chordate embryonic development,19_GO:0032502 developmental process,-2.1,7.3,4.1,30284,658,19,3,16,8.4,1906|4088|4851,EDN1|SMAD3|NOTCH1,-0.075
gene_name,GO Biological Processes,19,GO:0043408,regulation of MAPK cascade,19_GO:0050896 response to stimulus,-2.1,7.2,4.1,30284,662,19,3,16,8.4,1906|3791|4851,EDN1|KDR|NOTCH1,-0.07
gene_name,GO Biological Processes,19,GO:0009792,embryo development ending in birth or egg hatching,19_GO:0032502 developmental process,-2.1,7,4,30284,680,19,3,16,8.4,1906|4088|4851,EDN1|SMAD3|NOTCH1,-0.04
gene_name,GO Biological Processes,19,GO:0042325,regulation of phosphorylation,19_GO:0050789 regulation of biological process,-2.1,6.9,3.9,30284,694,19,3,16,8.4,1906|3791|7037,EDN1|KDR|TFRC,-0.018
gene_name,GO Biological Processes,19,GO:0000902,cell morphogenesis,19_GO:0032502 developmental process,-2,6.8,3.9,30284,706,19,3,16,8.4,1906|4851|23191,EDN1|NOTCH1|CYFIP1,0
gene_name,GO Biological Processes,19,GO:0031175,neuron projection development,19_GO:0032502 developmental process,-2,6.7,3.8,30284,717,19,3,16,8.4,1906|4851|23191,EDN1|NOTCH1|CYFIP1,0
