Category,CategoryID,GO,Description,PARENT_GO,LogP,Enrichment,Z-score,#TotalGeneInLibrary,#GeneInGO,#GeneInHitList,#GeneInGOAndHitList,%InGO,STDV %InGO,GeneID,Hits,Log(q-value),GeneList
GO Biological Processes,19,GO:0070633,transepithelial transport,19_GO:0051179 localization,-7.9,66,18,30284,33,70,5,7.1,3.1,1906|5243|6338|6506|9429,EDN1|ABCB1|SCNN1B|SLC1A2|ABCG2,-3.6,gene_name
GO Biological Processes,19,GO:0003018,vascular process in circulatory system,19_GO:0032501 multicellular organismal process,-6.6,12,9.2,30284,278,70,8,11,3.8,1906|5243|6338|6506|6566|7037|9429|143872,EDN1|ABCB1|SCNN1B|SLC1A2|SLC16A1|TFRC|ABCG2|ARHGAP42,-2.6,gene_name
GO Biological Processes,19,GO:0003013,circulatory system process,19_GO:0032501 multicellular organismal process,-6.5,8.3,8.1,30284,519,70,10,14,4.2,1392|1906|4088|5243|6338|6506|6566|7037|9429|143872,CRH|EDN1|SMAD3|ABCB1|SCNN1B|SLC1A2|SLC16A1|TFRC|ABCG2|ARHGAP42,-2.6,gene_name
GO Biological Processes,19,GO:0048732,gland development,19_GO:0032502 developmental process,-6.2,9.1,8.1,30284,428,70,9,13,4,785|1392|1906|2908|4088|4124|4851|6926|7067,CACNB4|CRH|EDN1|NR3C1|SMAD3|MAN2A1|NOTCH1|TBX3|THRA,-2.5,gene_name
GO Biological Processes,19,GO:0010232,vascular transport,19_GO:0051179 localization,-5.7,25,11,30284,87,70,5,7.1,3.1,5243|6506|6566|7037|9429,ABCB1|SLC1A2|SLC16A1|TFRC|ABCG2,-2.2,gene_name
GO Biological Processes,19,GO:0150104,transport across blood-brain barrier,19_GO:0051179 localization,-5.7,25,11,30284,87,70,5,7.1,3.1,5243|6506|6566|7037|9429,ABCB1|SLC1A2|SLC16A1|TFRC|ABCG2,-2.2,gene_name
GO Biological Processes,19,GO:1900182,positive regulation of protein localization to nucleus,19_GO:0051179 localization,-5.6,23,10,30284,94,70,5,7.1,3.1,785|1906|4088|7037|9531,CACNB4|EDN1|SMAD3|TFRC|BAG3,-2.1,gene_name
GO Biological Processes,19,GO:0035239,tube morphogenesis,19_GO:0032502 developmental process,-5.4,6.2,6.7,30284,694,70,10,14,4.2,1906|2908|3791|4088|4851|5787|6926|8323|81575|221395,EDN1|NR3C1|KDR|SMAD3|NOTCH1|PTPRB|TBX3|FZD6|APOLD1|ADGRF5,-1.9,gene_name
GO Biological Processes,19,GO:0060562,epithelial tube morphogenesis,19_GO:0032502 developmental process,-5.1,9.6,7.4,30284,316,70,7,10,3.6,1906|2908|3791|4088|4851|6926|8323,EDN1|NR3C1|KDR|SMAD3|NOTCH1|TBX3|FZD6,-1.7,gene_name
GO Biological Processes,19,GO:0003014,renal system process,19_GO:0032501 multicellular organismal process,-4.9,17,8.7,30284,127,70,5,7.1,3.1,1906|6338|9429|85415|221395,EDN1|SCNN1B|ABCG2|RHPN2|ADGRF5,-1.7,gene_name
GO Biological Processes,19,GO:0071345,cellular response to cytokine stimulus,19_GO:0050896 response to stimulus,-4.9,5.5,6.2,30284,787,70,10,14,4.2,785|1906|2840|3791|3987|4851|4939|7037|81704|115361,CACNB4|EDN1|GPR17|KDR|LIMS1|NOTCH1|OAS2|TFRC|DOCK8|GBP4,-1.7,gene_name
GO Biological Processes,19,GO:0003094,glomerular filtration,19_GO:0032501 multicellular organismal process,-4.9,65,14,30284,20,70,3,4.3,2.4,1906|85415|221395,EDN1|RHPN2|ADGRF5,-1.7,gene_name
GO Biological Processes,19,GO:0035270,endocrine system development,19_GO:0032502 developmental process,-4.9,17,8.6,30284,131,70,5,7.1,3.1,1392|1906|2908|4088|7067,CRH|EDN1|NR3C1|SMAD3|THRA,-1.7,gene_name
GO Biological Processes,19,GO:0051893,regulation of focal adhesion assembly,19_GO:0050789 regulation of biological process,-4.9,27,10,30284,63,70,4,5.7,2.8,3791|3987|4088|79834,KDR|LIMS1|SMAD3|PEAK1,-1.7,gene_name
GO Biological Processes,19,GO:0090109,regulation of cell-substrate junction assembly,19_GO:0050789 regulation of biological process,-4.9,27,10,30284,63,70,4,5.7,2.8,3791|3987|4088|79834,KDR|LIMS1|SMAD3|PEAK1,-1.7,gene_name
GO Cellular Components,20,GO:0045177,apical part of cell,,-4.8,7.2,6.6,30284,479,70,8,11,3.8,4851|5243|5327|6338|6566|8323|9429|221395,NOTCH1|ABCB1|PLAT|SCNN1B|SLC16A1|FZD6|ABCG2|ADGRF5,-1.7,gene_name
GO Biological Processes,19,GO:0071384,cellular response to corticosteroid stimulus,19_GO:0050896 response to stimulus,-4.8,26,9.9,30284,66,70,4,5.7,2.8,1392|1906|2908|6338,CRH|EDN1|NR3C1|SCNN1B,-1.7,gene_name
GO Biological Processes,19,GO:0150116,regulation of cell-substrate junction organization,19_GO:0050789 regulation of biological process,-4.7,25,9.7,30284,68,70,4,5.7,2.8,3791|3987|4088|79834,KDR|LIMS1|SMAD3|PEAK1,-1.6,gene_name
GO Biological Processes,19,GO:0097205,renal filtration,19_GO:0032501 multicellular organismal process,-4.7,56,13,30284,23,70,3,4.3,2.4,1906|85415|221395,EDN1|RHPN2|ADGRF5,-1.6,gene_name
GO Biological Processes,19,GO:0010611,regulation of cardiac muscle hypertrophy,19_GO:0032501 multicellular organismal process,-4.6,24,9.5,30284,71,70,4,5.7,2.8,1906|4088|4851|7222,EDN1|SMAD3|NOTCH1|TRPC3,-1.6,gene_name
GO Biological Processes,19,GO:1900180,regulation of protein localization to nucleus,19_GO:0051179 localization,-4.6,15,8.1,30284,146,70,5,7.1,3.1,785|1906|4088|7037|9531,CACNB4|EDN1|SMAD3|TFRC|BAG3,-1.6,gene_name
GO Biological Processes,19,GO:0061045,negative regulation of wound healing,19_GO:0048519 negative regulation of biological process,-4.6,23,9.3,30284,74,70,4,5.7,2.8,1906|4088|5327|135228,EDN1|SMAD3|PLAT|CD109,-1.6,gene_name
GO Biological Processes,19,GO:0014743,regulation of muscle hypertrophy,19_GO:0032501 multicellular organismal process,-4.6,23,9.3,30284,74,70,4,5.7,2.8,1906|4088|4851|7222,EDN1|SMAD3|NOTCH1|TRPC3,-1.6,gene_name
GO Biological Processes,19,GO:0072089,stem cell proliferation,19_GO:0009987 cellular process,-4.6,23,9.3,30284,74,70,4,5.7,2.8,3791|5243|6926|135228,KDR|ABCB1|TBX3|CD109,-1.6,gene_name
GO Biological Processes,19,GO:0090257,regulation of muscle system process,19_GO:0032501 multicellular organismal process,-4.5,10,7.1,30284,256,70,6,8.6,3.3,1906|4088|4851|7222|30845|143872,EDN1|SMAD3|NOTCH1|TRPC3|EHD3|ARHGAP42,-1.6,gene_name
GO Biological Processes,19,GO:0051894,positive regulation of focal adhesion assembly,19_GO:0048518 positive regulation of biological process,-4.5,50,12,30284,26,70,3,4.3,2.4,3791|3987|4088,KDR|LIMS1|SMAD3,-1.6,gene_name
GO Biological Processes,19,GO:0031960,response to corticosteroid,19_GO:0050896 response to stimulus,-4.5,14,7.7,30284,157,70,5,7.1,3.1,2|1392|1906|2908|6338,A2M|CRH|EDN1|NR3C1|SCNN1B,-1.6,gene_name
GO Biological Processes,19,GO:0140962,multicellular organismal-level chemical homeostasis,19_GO:0042592 homeostatic process,-4.5,22,9,30284,79,70,4,5.7,2.8,3791|6338|7037|221395,KDR|SCNN1B|TFRC|ADGRF5,-1.6,gene_name
GO Biological Processes,19,GO:0030325,adrenal gland development,19_GO:0032502 developmental process,-4.4,46,12,30284,28,70,3,4.3,2.4,1392|2908|4088,CRH|NR3C1|SMAD3,-1.6,gene_name
GO Biological Processes,19,GO:0035050,embryonic heart tube development,19_GO:0032502 developmental process,-4.4,21,8.7,30284,84,70,4,5.7,2.8,1906|4088|4851|6926,EDN1|SMAD3|NOTCH1|TBX3,-1.5,gene_name
GO Biological Processes,19,GO:0030878,thyroid gland development,19_GO:0032502 developmental process,-4.3,43,11,30284,30,70,3,4.3,2.4,1906|4088|7067,EDN1|SMAD3|THRA,-1.5,gene_name
GO Biological Processes,19,GO:0032870,cellular response to hormone stimulus,19_GO:0050896 response to stimulus,-4.3,6.2,5.9,30284,562,70,8,11,3.8,1392|1906|2908|3791|4851|6338|7067|23191,CRH|EDN1|NR3C1|KDR|NOTCH1|SCNN1B|THRA|CYFIP1,-1.5,gene_name
GO Biological Processes,19,GO:0090596,sensory organ morphogenesis,19_GO:0032502 developmental process,-4.3,9.2,6.6,30284,283,70,6,8.6,3.3,1906|3791|4124|4851|6926|8323,EDN1|KDR|MAN2A1|NOTCH1|TBX3|FZD6,-1.5,gene_name
GO Biological Processes,19,GO:0150117,positive regulation of cell-substrate junction organization,19_GO:0048518 positive regulation of biological process,-4.3,42,11,30284,31,70,3,4.3,2.4,3791|3987|4088,KDR|LIMS1|SMAD3,-1.5,gene_name
GO Biological Processes,19,GO:0006954,inflammatory response,19_GO:0050896 response to stimulus,-4.3,6,5.8,30284,577,70,8,11,3.8,2|1392|2908|4851|6338|7037|81793|84632,A2M|CRH|NR3C1|NOTCH1|SCNN1B|TFRC|TLR10|AFAP1L2,-1.5,gene_name
GO Biological Processes,19,GO:0044057,regulation of system process,19_GO:0032501 multicellular organismal process,-4.2,5.9,5.8,30284,584,70,8,11,3.8,1392|1906|4088|4851|7067|7222|30845|143872,CRH|EDN1|SMAD3|NOTCH1|THRA|TRPC3|EHD3|ARHGAP42,-1.4,gene_name
GO Biological Processes,19,GO:0048589,developmental growth,19_GO:0040007 growth,-4.1,6.9,6,30284,441,70,7,10,3.6,1906|3275|4088|4851|6338|6506|23191,EDN1|PRMT2|SMAD3|NOTCH1|SCNN1B|SLC1A2|CYFIP1,-1.4,gene_name
GO Biological Processes,19,GO:0040007,growth,19_GO:0040007 growth,-4.1,6.9,6,30284,441,70,7,10,3.6,1906|3275|4088|4851|6338|6506|23191,EDN1|PRMT2|SMAD3|NOTCH1|SCNN1B|SLC1A2|CYFIP1,-1.4,gene_name
GO Biological Processes,19,GO:0072091,regulation of stem cell proliferation,19_GO:0050789 regulation of biological process,-4.1,18,8,30284,96,70,4,5.7,2.8,3791|4851|6926|135228,KDR|NOTCH1|TBX3|CD109,-1.4,gene_name
GO Biological Processes,19,GO:0032102,negative regulation of response to external stimulus,19_GO:0048519 negative regulation of biological process,-4.1,6.8,5.9,30284,445,70,7,10,3.6,2|1906|2840|4088|4851|5327|135228,A2M|EDN1|GPR17|SMAD3|NOTCH1|PLAT|CD109,-1.4,gene_name
GO Biological Processes,19,GO:1903035,negative regulation of response to wounding,19_GO:0048519 negative regulation of biological process,-4.1,18,8,30284,97,70,4,5.7,2.8,1906|4088|5327|135228,EDN1|SMAD3|PLAT|CD109,-1.4,gene_name
GO Biological Processes,19,GO:0043502,regulation of muscle adaptation,19_GO:0032501 multicellular organismal process,-4.1,18,8,30284,98,70,4,5.7,2.8,1906|4088|4851|7222,EDN1|SMAD3|NOTCH1|TRPC3,-1.4,gene_name
GO Biological Processes,19,GO:0048568,embryonic organ development,19_GO:0032502 developmental process,-4.1,6.7,5.9,30284,454,70,7,10,3.6,2|1906|3791|4088|4851|6926|8323,A2M|EDN1|KDR|SMAD3|NOTCH1|TBX3|FZD6,-1.4,gene_name
GO Biological Processes,19,GO:0030324,lung development,19_GO:0032502 developmental process,-4.1,11,6.8,30284,193,70,5,7.1,3.1,1392|3791|4124|4851|7067,CRH|KDR|MAN2A1|NOTCH1|THRA,-1.4,gene_name
GO Biological Processes,19,GO:0051385,response to mineralocorticoid,19_GO:0050896 response to stimulus,-4.1,35,10,30284,37,70,3,4.3,2.4,1392|1906|6338,CRH|EDN1|SCNN1B,-1.4,gene_name
GO Biological Processes,19,GO:0008217,regulation of blood pressure,19_GO:0032501 multicellular organismal process,-4.1,11,6.8,30284,194,70,5,7.1,3.1,1392|1906|4088|6338|143872,CRH|EDN1|SMAD3|SCNN1B|ARHGAP42,-1.4,gene_name
GO Biological Processes,19,GO:0030323,respiratory tube development,19_GO:0032502 developmental process,-4,11,6.8,30284,197,70,5,7.1,3.1,1392|3791|4124|4851|7067,CRH|KDR|MAN2A1|NOTCH1|THRA,-1.4,gene_name
GO Biological Processes,19,GO:0002009,morphogenesis of an epithelium,19_GO:0032502 developmental process,-4,6.6,5.8,30284,462,70,7,10,3.6,1906|2908|3791|4088|4851|6926|8323,EDN1|NR3C1|KDR|SMAD3|NOTCH1|TBX3|FZD6,-1.4,gene_name
GO Biological Processes,19,GO:0071407,cellular response to organic cyclic compound,19_GO:0050896 response to stimulus,-4,6.4,5.7,30284,472,70,7,10,3.6,1392|1906|2908|6338|6506|6566|57657,CRH|EDN1|NR3C1|SCNN1B|SLC1A2|SLC16A1|HCN3,-1.3,gene_name
GO Biological Processes,19,GO:0034762,regulation of transmembrane transport,19_GO:0051179 localization,-3.9,6.3,5.7,30284,478,70,7,10,3.6,785|1392|1906|3773|6506|7222|51703,CACNB4|CRH|EDN1|KCNJ16|SLC1A2|TRPC3|ACSL5,-1.3,gene_name
GO Biological Processes,19,GO:0046660,female sex differentiation,19_GO:0022414 reproductive process,-3.8,15,7.2,30284,116,70,4,5.7,2.8,2|3791|4851|6926,A2M|KDR|NOTCH1|TBX3,-1.2,gene_name
GO Biological Processes,19,GO:1903829,positive regulation of protein localization,19_GO:0051179 localization,-3.8,6.1,5.5,30284,499,70,7,10,3.6,785|1392|1906|4088|7037|9531|9695,CACNB4|CRH|EDN1|SMAD3|TFRC|BAG3|EDEM1,-1.2,gene_name
GO Biological Processes,19,GO:0060541,respiratory system development,19_GO:0032502 developmental process,-3.8,9.8,6.3,30284,220,70,5,7.1,3.1,1392|3791|4124|4851|7067,CRH|KDR|MAN2A1|NOTCH1|THRA,-1.2,gene_name
GO Biological Processes,19,GO:1901654,response to ketone,19_GO:0050896 response to stimulus,-3.8,9.7,6.3,30284,223,70,5,7.1,3.1,2|1392|1906|2908|6338,A2M|CRH|EDN1|NR3C1|SCNN1B,-1.2,gene_name
GO Biological Processes,19,GO:0010810,regulation of cell-substrate adhesion,19_GO:0050789 regulation of biological process,-3.8,9.7,6.3,30284,224,70,5,7.1,3.1,3791|3987|4088|4851|79834,KDR|LIMS1|SMAD3|NOTCH1|PEAK1,-1.2,gene_name
GO Biological Processes,19,GO:0071548,response to dexamethasone,19_GO:0050896 response to stimulus,-3.7,28,8.8,30284,47,70,3,4.3,2.4,1392|1906|2908,CRH|EDN1|NR3C1,-1.2,gene_name
GO Cellular Components,20,GO:0034703,cation channel complex,,-3.7,9.5,6.2,30284,228,70,5,7.1,3.1,785|3773|6338|7222|57657,CACNB4|KCNJ16|SCNN1B|TRPC3|HCN3,-1.1,gene_name
GO Biological Processes,19,GO:0050801,monoatomic ion homeostasis,19_GO:0042592 homeostatic process,-3.7,5.8,5.3,30284,522,70,7,10,3.6,785|1392|1906|3791|6338|7037|7222,CACNB4|CRH|EDN1|KDR|SCNN1B|TFRC|TRPC3,-1.1,gene_name
GO Biological Processes,19,GO:0001952,regulation of cell-matrix adhesion,19_GO:0050789 regulation of biological process,-3.7,14,6.9,30284,125,70,4,5.7,2.8,3791|3987|4088|79834,KDR|LIMS1|SMAD3|PEAK1,-1.1,gene_name
GO Biological Processes,19,GO:0050878,regulation of body fluid levels,19_GO:0065007 biological regulation,-3.7,7,5.6,30284,370,70,6,8.6,3.3,953|1906|4939|5327|6338|8323,ENTPD1|EDN1|OAS2|PLAT|SCNN1B|FZD6,-1.1,gene_name
GO Biological Processes,19,GO:0001568,blood vessel development,19_GO:0032502 developmental process,-3.6,5.7,5.2,30284,534,70,7,10,3.6,1906|3791|4851|5787|6926|81575|221395,EDN1|KDR|NOTCH1|PTPRB|TBX3|APOLD1|ADGRF5,-1.1,gene_name
GO Molecular Functions,21,GO:0016798,"hydrolase activity, acting on glycosyl bonds",,-3.6,13,6.8,30284,130,70,4,5.7,2.8,4124|9695|81793|254773,MAN2A1|EDEM1|TLR10|LYG2,-1.1,gene_name
GO Molecular Functions,21,GO:0031072,heat shock protein binding,,-3.6,13,6.7,30284,131,70,4,5.7,2.8,2908|3791|7037|23234,NR3C1|KDR|TFRC|DNAJC9,-1.1,gene_name
GO Biological Processes,19,GO:0008283,cell population proliferation,19_GO:0009987 cellular process,-3.6,4.8,5,30284,718,70,8,11,3.8,3791|4088|4851|5243|6926|8323|81704|135228,KDR|SMAD3|NOTCH1|ABCB1|TBX3|FZD6|DOCK8|CD109,-1.1,gene_name
GO Biological Processes,19,GO:0090287,regulation of cellular response to growth factor stimulus,19_GO:0050896 response to stimulus,-3.6,6.8,5.5,30284,384,70,6,8.6,3.3,3791|4088|4851|23191|64426|135228,KDR|SMAD3|NOTCH1|CYFIP1|SUDS3|CD109,-1.1,gene_name
GO Biological Processes,19,GO:0001889,liver development,19_GO:0032502 developmental process,-3.6,13,6.7,30284,134,70,4,5.7,2.8,4088|4124|4851|6926,SMAD3|MAN2A1|NOTCH1|TBX3,-1.1,gene_name
GO Biological Processes,19,GO:0051384,response to glucocorticoid,19_GO:0050896 response to stimulus,-3.5,13,6.6,30284,136,70,4,5.7,2.8,2|1392|1906|2908,A2M|CRH|EDN1|NR3C1,-1,gene_name
GO Biological Processes,19,GO:0072132,mesenchyme morphogenesis,19_GO:0032502 developmental process,-3.5,24,8.1,30284,55,70,3,4.3,2.4,4088|4851|6926,SMAD3|NOTCH1|TBX3,-1,gene_name
GO Biological Processes,19,GO:0061008,hepaticobiliary system development,19_GO:0032502 developmental process,-3.5,13,6.6,30284,137,70,4,5.7,2.8,4088|4124|4851|6926,SMAD3|MAN2A1|NOTCH1|TBX3,-1,gene_name
GO Biological Processes,19,GO:0001944,vasculature development,19_GO:0032502 developmental process,-3.5,5.4,5.1,30284,556,70,7,10,3.6,1906|3791|4851|5787|6926|81575|221395,EDN1|KDR|NOTCH1|PTPRB|TBX3|APOLD1|ADGRF5,-1,gene_name
GO Biological Processes,19,GO:0001954,positive regulation of cell-matrix adhesion,19_GO:0048518 positive regulation of biological process,-3.5,23,8,30284,56,70,3,4.3,2.4,3791|3987|4088,KDR|LIMS1|SMAD3,-1,gene_name
GO Biological Processes,19,GO:0048754,branching morphogenesis of an epithelial tube,19_GO:0032502 developmental process,-3.5,12,6.5,30284,139,70,4,5.7,2.8,1906|3791|4851|6926,EDN1|KDR|NOTCH1|TBX3,-1,gene_name
GO Cellular Components,20,GO:0098552,side of membrane,,-3.5,4.7,4.9,30284,742,70,8,11,3.8,785|3791|5243|6338|7037|9429|57488|135228,CACNB4|KDR|ABCB1|SCNN1B|TFRC|ABCG2|ESYT2|CD109,-1,gene_name
GO Biological Processes,19,GO:0071385,cellular response to glucocorticoid stimulus,19_GO:0050896 response to stimulus,-3.5,23,7.9,30284,57,70,3,4.3,2.4,1392|1906|2908,CRH|EDN1|NR3C1,-1,gene_name
GO Biological Processes,19,GO:0061041,regulation of wound healing,19_GO:0050896 response to stimulus,-3.5,12,6.5,30284,140,70,4,5.7,2.8,1906|4088|5327|135228,EDN1|SMAD3|PLAT|CD109,-1,gene_name
GO Biological Processes,19,GO:0010656,negative regulation of muscle cell apoptotic process,19_GO:0048519 negative regulation of biological process,-3.5,22,7.8,30284,58,70,3,4.3,2.4,1906|4851|9531,EDN1|NOTCH1|BAG3,-1,gene_name
GO Biological Processes,19,GO:0001775,cell activation,19_GO:0032501 multicellular organismal process,-3.5,4.6,4.8,30284,754,70,8,11,3.8,953|1906|4088|5327|6338|8323|81704|221395,ENTPD1|EDN1|SMAD3|PLAT|SCNN1B|FZD6|DOCK8|ADGRF5,-1,gene_name
GO Biological Processes,19,GO:0006939,smooth muscle contraction,19_GO:0032501 multicellular organismal process,-3.5,22,7.8,30284,59,70,3,4.3,2.4,1906|6338|6926,EDN1|SCNN1B|TBX3,-1,gene_name
GO Biological Processes,19,GO:0042733,embryonic digit morphogenesis,19_GO:0032502 developmental process,-3.4,22,7.7,30284,60,70,3,4.3,2.4,4851|6926|8323,NOTCH1|TBX3|FZD6,-0.99,gene_name
GO Biological Processes,19,GO:0048729,tissue morphogenesis,19_GO:0032502 developmental process,-3.4,5.2,4.9,30284,579,70,7,10,3.6,1906|2908|3791|4088|4851|6926|8323,EDN1|NR3C1|KDR|SMAD3|NOTCH1|TBX3|FZD6,-0.98,gene_name
GO Cellular Components,20,GO:0016324,apical plasma membrane,,-3.4,6.3,5.2,30284,413,70,6,8.6,3.3,4851|5243|6338|6566|8323|9429,NOTCH1|ABCB1|SCNN1B|SLC16A1|FZD6|ABCG2,-0.98,gene_name
GO Biological Processes,19,GO:0033157,regulation of intracellular protein transport,19_GO:0051179 localization,-3.4,11,6.2,30284,152,70,4,5.7,2.8,4088|9531|9695|79628,SMAD3|BAG3|EDEM1|SH3TC2,-0.94,gene_name
GO Biological Processes,19,GO:0071383,cellular response to steroid hormone stimulus,19_GO:0050896 response to stimulus,-3.4,11,6.2,30284,153,70,4,5.7,2.8,1392|1906|2908|6338,CRH|EDN1|NR3C1|SCNN1B,-0.94,gene_name
GO Biological Processes,19,GO:0042063,gliogenesis,19_GO:0032502 developmental process,-3.4,7.9,5.5,30284,275,70,5,7.1,3.1,2840|2908|4851|5787|79628,GPR17|NR3C1|NOTCH1|PTPRB|SH3TC2,-0.94,gene_name
GO Biological Processes,19,GO:0001947,heart looping,19_GO:0032502 developmental process,-3.4,20,7.4,30284,64,70,3,4.3,2.4,4088|4851|6926,SMAD3|NOTCH1|TBX3,-0.94,gene_name
GO Biological Processes,19,GO:0099537,trans-synaptic signaling,19_GO:0050789 regulation of biological process,-3.3,6,5,30284,434,70,6,8.6,3.3,785|1392|2908|4851|5327|6506,CACNB4|CRH|NR3C1|NOTCH1|PLAT|SLC1A2,-0.89,gene_name
GO Biological Processes,19,GO:0007423,sensory organ development,19_GO:0032502 developmental process,-3.3,5,4.8,30284,609,70,7,10,3.6,1906|3791|4088|4124|4851|6926|8323,EDN1|KDR|SMAD3|MAN2A1|NOTCH1|TBX3|FZD6,-0.89,gene_name
GO Biological Processes,19,GO:0048545,response to steroid hormone,19_GO:0050896 response to stimulus,-3.3,7.6,5.4,30284,284,70,5,7.1,3.1,2|1392|1906|2908|6338,A2M|CRH|EDN1|NR3C1|SCNN1B,-0.89,gene_name
GO Biological Processes,19,GO:0009410,response to xenobiotic stimulus,19_GO:0050896 response to stimulus,-3.3,5.9,5,30284,437,70,6,8.6,3.3,1392|1906|5243|6338|6506|7037,CRH|EDN1|ABCB1|SCNN1B|SLC1A2|TFRC,-0.89,gene_name
GO Biological Processes,19,GO:0048514,blood vessel morphogenesis,19_GO:0032502 developmental process,-3.3,5.9,5,30284,441,70,6,8.6,3.3,1906|3791|4851|5787|81575|221395,EDN1|KDR|NOTCH1|PTPRB|APOLD1|ADGRF5,-0.88,gene_name
GO Molecular Functions,21,GO:0022890,inorganic cation transmembrane transporter activity,,-3.3,4.9,4.7,30284,616,70,7,10,3.6,785|3773|6338|6506|6566|7222|57657,CACNB4|KCNJ16|SCNN1B|SLC1A2|SLC16A1|TRPC3|HCN3,-0.88,gene_name
GO Biological Processes,19,GO:0061371,determination of heart left/right asymmetry,19_GO:0032502 developmental process,-3.3,19,7.1,30284,69,70,3,4.3,2.4,4088|4851|6926,SMAD3|NOTCH1|TBX3,-0.88,gene_name
GO Biological Processes,19,GO:0098771,inorganic ion homeostasis,19_GO:0042592 homeostatic process,-3.3,5.9,5,30284,442,70,6,8.6,3.3,785|1906|3791|6338|7037|7222,CACNB4|EDN1|KDR|SCNN1B|TFRC|TRPC3,-0.88,gene_name
GO Biological Processes,19,GO:0071560,cellular response to transforming growth factor beta stimulus,19_GO:0050896 response to stimulus,-3.2,11,5.9,30284,163,70,4,5.7,2.8,1906|2908|3987|4088,EDN1|NR3C1|LIMS1|SMAD3,-0.88,gene_name
GO Cellular Components,20,GO:0045121,membrane raft,,-3.2,7.4,5.3,30284,291,70,5,7.1,3.1,953|3791|6506|9429|51090,ENTPD1|KDR|SLC1A2|ABCG2|PLLP,-0.88,gene_name
GO Biological Processes,19,GO:0003143,embryonic heart tube morphogenesis,19_GO:0032502 developmental process,-3.2,19,7.1,30284,70,70,3,4.3,2.4,4088|4851|6926,SMAD3|NOTCH1|TBX3,-0.88,gene_name
GO Cellular Components,20,GO:0098857,membrane microdomain,,-3.2,7.4,5.3,30284,293,70,5,7.1,3.1,953|3791|6506|9429|51090,ENTPD1|KDR|SLC1A2|ABCG2|PLLP,-0.88,gene_name
GO Biological Processes,19,GO:0009611,response to wounding,19_GO:0050896 response to stimulus,-3.2,5.8,4.9,30284,448,70,6,8.6,3.3,953|3791|4088|5327|6506|8323,ENTPD1|KDR|SMAD3|PLAT|SLC1A2|FZD6,-0.88,gene_name
GO Biological Processes,19,GO:0048844,artery morphogenesis,19_GO:0032502 developmental process,-3.2,18,7,30284,71,70,3,4.3,2.4,1906|4851|221395,EDN1|NOTCH1|ADGRF5,-0.88,gene_name
GO Biological Processes,19,GO:0051223,regulation of protein transport,19_GO:0051179 localization,-3.2,5.8,4.9,30284,449,70,6,8.6,3.3,1392|4088|6566|9531|9695|79628,CRH|SMAD3|SLC16A1|BAG3|EDEM1|SH3TC2,-0.88,gene_name
GO Molecular Functions,21,GO:0046873,metal ion transmembrane transporter activity,,-3.2,5.8,4.9,30284,450,70,6,8.6,3.3,785|3773|6338|6506|7222|57657,CACNB4|KCNJ16|SCNN1B|SLC1A2|TRPC3|HCN3,-0.88,gene_name
GO Biological Processes,19,GO:0061138,morphogenesis of a branching epithelium,19_GO:0032502 developmental process,-3.2,10,5.8,30284,168,70,4,5.7,2.8,1906|3791|4851|6926,EDN1|KDR|NOTCH1|TBX3,-0.87,gene_name
GO Biological Processes,19,GO:1901699,cellular response to nitrogen compound,19_GO:0050896 response to stimulus,-3.2,4.8,4.6,30284,633,70,7,10,3.6,1392|1906|3791|6338|6506|23191|57657,CRH|EDN1|KDR|SCNN1B|SLC1A2|CYFIP1|HCN3,-0.86,gene_name
GO Biological Processes,19,GO:0071559,response to transforming growth factor beta,19_GO:0050896 response to stimulus,-3.2,10,5.8,30284,170,70,4,5.7,2.8,1906|2908|3987|4088,EDN1|NR3C1|LIMS1|SMAD3,-0.86,gene_name
GO Biological Processes,19,GO:0048562,embryonic organ morphogenesis,19_GO:0032502 developmental process,-3.2,7.2,5.2,30284,300,70,5,7.1,3.1,1906|4088|4851|6926|8323,EDN1|SMAD3|NOTCH1|TBX3|FZD6,-0.86,gene_name
GO Biological Processes,19,GO:0046942,carboxylic acid transport,19_GO:0051179 localization,-3.2,7.1,5.2,30284,304,70,5,7.1,3.1,785|5243|6506|6566|9429,CACNB4|ABCB1|SLC1A2|SLC16A1|ABCG2,-0.85,gene_name
GO Biological Processes,19,GO:0030099,myeloid cell differentiation,19_GO:0032502 developmental process,-3.1,7.1,5.1,30284,305,70,5,7.1,3.1,2908|7037|7067|135228|221395,NR3C1|TFRC|THRA|CD109|ADGRF5,-0.85,gene_name
GO Biological Processes,19,GO:0001666,response to hypoxia,19_GO:0050896 response to stimulus,-3.1,7.1,5.1,30284,305,70,5,7.1,3.1,1906|4088|4851|5327|7037,EDN1|SMAD3|NOTCH1|PLAT|TFRC,-0.85,gene_name
GO Biological Processes,19,GO:0015849,organic acid transport,19_GO:0051179 localization,-3.1,7.1,5.1,30284,305,70,5,7.1,3.1,785|5243|6506|6566|9429,CACNB4|ABCB1|SLC1A2|SLC16A1|ABCG2,-0.85,gene_name
GO Biological Processes,19,GO:0030856,regulation of epithelial cell differentiation,19_GO:0032502 developmental process,-3.1,9.9,5.7,30284,174,70,4,5.7,2.8,4851|6926|81575|135228,NOTCH1|TBX3|APOLD1|CD109,-0.85,gene_name
GO Biological Processes,19,GO:0099536,synaptic signaling,19_GO:0050789 regulation of biological process,-3.1,5.5,4.8,30284,469,70,6,8.6,3.3,785|1392|2908|4851|5327|6506,CACNB4|CRH|NR3C1|NOTCH1|PLAT|SLC1A2,-0.83,gene_name
GO Molecular Functions,21,GO:0008324,monoatomic cation transmembrane transporter activity,,-3.1,4.7,4.5,30284,651,70,7,10,3.6,785|3773|6338|6506|6566|7222|57657,CACNB4|KCNJ16|SCNN1B|SLC1A2|SLC16A1|TRPC3|HCN3,-0.83,gene_name
GO Biological Processes,19,GO:0043269,regulation of monoatomic ion transport,19_GO:0051179 localization,-3.1,5.5,4.7,30284,472,70,6,8.6,3.3,785|1392|1906|3773|5243|7222,CACNB4|CRH|EDN1|KCNJ16|ABCB1|TRPC3,-0.82,gene_name
GO Biological Processes,19,GO:0030001,metal ion transport,19_GO:0051179 localization,-3.1,4.6,4.5,30284,656,70,7,10,3.6,785|1906|3773|6338|7037|7222|57657,CACNB4|EDN1|KCNJ16|SCNN1B|TFRC|TRPC3|HCN3,-0.82,gene_name
GO Biological Processes,19,GO:0001763,morphogenesis of a branching structure,19_GO:0032502 developmental process,-3.1,9.7,5.6,30284,179,70,4,5.7,2.8,1906|3791|4851|6926,EDN1|KDR|NOTCH1|TBX3,-0.82,gene_name
GO Biological Processes,19,GO:0043009,chordate embryonic development,19_GO:0032502 developmental process,-3.1,4.6,4.5,30284,658,70,7,10,3.6,1906|4088|4124|4851|6926|8323|221395,EDN1|SMAD3|MAN2A1|NOTCH1|TBX3|FZD6|ADGRF5,-0.82,gene_name
GO Biological Processes,19,GO:1903034,regulation of response to wounding,19_GO:0050896 response to stimulus,-3.1,9.6,5.6,30284,181,70,4,5.7,2.8,1906|4088|5327|135228,EDN1|SMAD3|PLAT|CD109,-0.81,gene_name
GO Molecular Functions,21,GO:0022836,gated channel activity,,-3.1,6.8,5,30284,318,70,5,7.1,3.1,785|3773|6338|7222|57657,CACNB4|KCNJ16|SCNN1B|TRPC3|HCN3,-0.8,gene_name
GO Biological Processes,19,GO:0036293,response to decreased oxygen levels,19_GO:0050896 response to stimulus,-3.1,6.8,5,30284,319,70,5,7.1,3.1,1906|4088|4851|5327|7037,EDN1|SMAD3|NOTCH1|PLAT|TFRC,-0.8,gene_name
GO Biological Processes,19,GO:0003151,outflow tract morphogenesis,19_GO:0032502 developmental process,-3.1,16,6.5,30284,81,70,3,4.3,2.4,1906|4851|6926,EDN1|NOTCH1|TBX3,-0.79,gene_name
GO Biological Processes,19,GO:0001942,hair follicle development,19_GO:0032502 developmental process,-3,16,6.5,30284,82,70,3,4.3,2.4,4851|8323|135228,NOTCH1|FZD6|CD109,-0.78,gene_name
GO Molecular Functions,21,GO:0046943,carboxylic acid transmembrane transporter activity,,-3,9.3,5.5,30284,186,70,4,5.7,2.8,5243|6506|6566|9429,ABCB1|SLC1A2|SLC16A1|ABCG2,-0.78,gene_name
GO Molecular Functions,21,GO:0005342,organic acid transmembrane transporter activity,,-3,9.3,5.4,30284,187,70,4,5.7,2.8,5243|6506|6566|9429,ABCB1|SLC1A2|SLC16A1|ABCG2,-0.78,gene_name
GO Biological Processes,19,GO:0048863,stem cell differentiation,19_GO:0032502 developmental process,-3,9.2,5.4,30284,189,70,4,5.7,2.8,2|1906|4851|6926,A2M|EDN1|NOTCH1|TBX3,-0.77,gene_name
GO Biological Processes,19,GO:0009792,embryo development ending in birth or egg hatching,19_GO:0032502 developmental process,-3,4.5,4.4,30284,680,70,7,10,3.6,1906|4088|4124|4851|6926|8323|221395,EDN1|SMAD3|MAN2A1|NOTCH1|TBX3|FZD6|ADGRF5,-0.77,gene_name
GO Biological Processes,19,GO:0090092,regulation of transmembrane receptor protein serine/threonine kinase signaling pathway,19_GO:0050896 response to stimulus,-3,6.6,4.9,30284,329,70,5,7.1,3.1,3791|4088|4851|64426|135228,KDR|SMAD3|NOTCH1|SUDS3|CD109,-0.76,gene_name
GO Biological Processes,19,GO:0140352,export from cell,19_GO:0051179 localization,-3,5.2,4.6,30284,495,70,6,8.6,3.3,1906|4851|5243|6926|9429|81575,EDN1|NOTCH1|ABCB1|TBX3|ABCG2|APOLD1,-0.76,gene_name
GO Biological Processes,19,GO:0098662,inorganic cation transmembrane transport,19_GO:0051179 localization,-3,4.4,4.4,30284,686,70,7,10,3.6,785|1906|3773|6338|6566|7222|57657,CACNB4|EDN1|KCNJ16|SCNN1B|SLC16A1|TRPC3|HCN3,-0.75,gene_name
GO Biological Processes,19,GO:0022404,molting cycle process,19_GO:0032501 multicellular organismal process,-3,15,6.3,30284,86,70,3,4.3,2.4,4851|8323|135228,NOTCH1|FZD6|CD109,-0.75,gene_name
GO Biological Processes,19,GO:0022405,hair cycle process,19_GO:0032501 multicellular organismal process,-3,15,6.3,30284,86,70,3,4.3,2.4,4851|8323|135228,NOTCH1|FZD6|CD109,-0.75,gene_name
GO Molecular Functions,21,GO:0045296,cadherin binding,,-3,6.5,4.8,30284,334,70,5,7.1,3.1,3791|5787|9531|22837|57488,KDR|PTPRB|BAG3|COBLL1|ESYT2,-0.75,gene_name
GO Biological Processes,19,GO:0042060,wound healing,19_GO:0050896 response to stimulus,-3,6.5,4.8,30284,335,70,5,7.1,3.1,953|3791|4088|5327|8323,ENTPD1|KDR|SMAD3|PLAT|FZD6,-0.75,gene_name
GO Biological Processes,19,GO:0001837,epithelial to mesenchymal transition,19_GO:0032502 developmental process,-3,15,6.3,30284,87,70,3,4.3,2.4,1906|4851|6926,EDN1|NOTCH1|TBX3,-0.75,gene_name
GO Biological Processes,19,GO:0051090,regulation of DNA-binding transcription factor activity,19_GO:0050789 regulation of biological process,-2.9,6.4,4.8,30284,338,70,5,7.1,3.1,1906|3275|4088|7037|8323,EDN1|PRMT2|SMAD3|TFRC|FZD6,-0.74,gene_name
GO Biological Processes,19,GO:0032370,positive regulation of lipid transport,19_GO:0051179 localization,-2.9,15,6.2,30284,88,70,3,4.3,2.4,1392|1906|51703,CRH|EDN1|ACSL5,-0.74,gene_name
GO Biological Processes,19,GO:0098657,import into cell,19_GO:0051179 localization,-2.9,4.3,4.3,30284,697,70,7,10,3.6,3773|6338|6506|7037|30845|57488|143458,KCNJ16|SCNN1B|SLC1A2|TFRC|EHD3|ESYT2|LDLRAD3,-0.74,gene_name
GO Molecular Functions,21,GO:0005261,monoatomic cation channel activity,,-2.9,6.3,4.8,30284,341,70,5,7.1,3.1,785|3773|6338|7222|57657,CACNB4|KCNJ16|SCNN1B|TRPC3|HCN3,-0.73,gene_name
GO Biological Processes,19,GO:0098655,monoatomic cation transmembrane transport,19_GO:0051179 localization,-2.9,4.3,4.3,30284,701,70,7,10,3.6,785|1906|3773|6338|6566|7222|57657,CACNB4|EDN1|KCNJ16|SCNN1B|SLC16A1|TRPC3|HCN3,-0.73,gene_name
GO Biological Processes,19,GO:0019725,cellular homeostasis,19_GO:0042592 homeostatic process,-2.9,4.3,4.3,30284,703,70,7,10,3.6,785|1906|4088|6338|7037|7222|9531,CACNB4|EDN1|SMAD3|SCNN1B|TFRC|TRPC3|BAG3,-0.73,gene_name
GO Biological Processes,19,GO:0055080,monoatomic cation homeostasis,19_GO:0042592 homeostatic process,-2.9,5.1,4.5,30284,512,70,6,8.6,3.3,785|1906|3791|6338|7037|7222,CACNB4|EDN1|KDR|SCNN1B|TFRC|TRPC3,-0.73,gene_name
GO Molecular Functions,21,GO:0004553,"hydrolase activity, hydrolyzing O-glycosyl compounds",,-2.9,14,6.1,30284,91,70,3,4.3,2.4,4124|9695|254773,MAN2A1|EDEM1|LYG2,-0.72,gene_name
GO Biological Processes,19,GO:0070482,response to oxygen levels,19_GO:0050896 response to stimulus,-2.9,6.2,4.7,30284,347,70,5,7.1,3.1,1906|4088|4851|5327|7037,EDN1|SMAD3|NOTCH1|PLAT|TFRC,-0.71,gene_name
GO Biological Processes,19,GO:0001525,angiogenesis,19_GO:0032502 developmental process,-2.9,6.2,4.7,30284,347,70,5,7.1,3.1,1906|3791|4851|5787|81575,EDN1|KDR|NOTCH1|PTPRB|APOLD1,-0.71,gene_name
GO Biological Processes,19,GO:0090316,positive regulation of intracellular protein transport,19_GO:0051179 localization,-2.9,14,5.9,30284,95,70,3,4.3,2.4,4088|9531|9695,SMAD3|BAG3|EDEM1,-0.67,gene_name
GO Biological Processes,19,GO:0071363,cellular response to growth factor stimulus,19_GO:0050896 response to stimulus,-2.8,4.9,4.4,30284,530,70,6,8.6,3.3,1906|2908|3791|3987|4088|4851,EDN1|NR3C1|KDR|LIMS1|SMAD3|NOTCH1,-0.67,gene_name
GO Biological Processes,19,GO:0009617,response to bacterium,19_GO:0044419 biological process involved in interspecies interaction between organisms,-2.8,4.2,4.2,30284,726,70,7,10,3.6,1906|4851|4939|6338|81793|115361|254773,EDN1|NOTCH1|OAS2|SCNN1B|TLR10|GBP4|LYG2,-0.67,gene_name
GO Biological Processes,19,GO:0010660,regulation of muscle cell apoptotic process,19_GO:0050789 regulation of biological process,-2.8,14,5.9,30284,96,70,3,4.3,2.4,1906|4851|9531,EDN1|NOTCH1|BAG3,-0.67,gene_name
GO Biological Processes,19,GO:0034764,positive regulation of transmembrane transport,19_GO:0051179 localization,-2.8,8.2,5.1,30284,211,70,4,5.7,2.8,1906|6506|7222|51703,EDN1|SLC1A2|TRPC3|ACSL5,-0.67,gene_name
GO Molecular Functions,21,GO:0042803,protein homodimerization activity,,-2.8,4.2,4.1,30284,729,70,7,10,3.6,3275|4088|4124|7037|9429|115361|138151,PRMT2|SMAD3|MAN2A1|TFRC|ABCG2|GBP4|NACC2,-0.67,gene_name
GO Biological Processes,19,GO:0008585,female gonad development,19_GO:0022414 reproductive process,-2.8,13,5.9,30284,97,70,3,4.3,2.4,2|3791|4851,A2M|KDR|NOTCH1,-0.66,gene_name
GO Biological Processes,19,GO:0042303,molting cycle,19_GO:0032501 multicellular organismal process,-2.8,13,5.8,30284,98,70,3,4.3,2.4,4851|8323|135228,NOTCH1|FZD6|CD109,-0.66,gene_name
GO Biological Processes,19,GO:0042633,hair cycle,19_GO:0032501 multicellular organismal process,-2.8,13,5.8,30284,98,70,3,4.3,2.4,4851|8323|135228,NOTCH1|FZD6|CD109,-0.66,gene_name
GO Molecular Functions,21,GO:0015318,inorganic molecular entity transmembrane transporter activity,,-2.8,4.1,4.1,30284,738,70,7,10,3.6,785|3773|6338|6506|6566|7222|57657,CACNB4|KCNJ16|SCNN1B|SLC1A2|SLC16A1|TRPC3|HCN3,-0.65,gene_name
GO Cellular Components,20,GO:0043235,receptor complex,,-2.8,4.8,4.3,30284,542,70,6,8.6,3.3,3791|4088|4851|5787|7037|81793,KDR|SMAD3|NOTCH1|PTPRB|TFRC|TLR10,-0.65,gene_name
GO Cellular Components,20,GO:0034702,monoatomic ion channel complex,,-2.8,5.9,4.5,30284,366,70,5,7.1,3.1,785|3773|6338|7222|57657,CACNB4|KCNJ16|SCNN1B|TRPC3|HCN3,-0.65,gene_name
GO Biological Processes,19,GO:0010001,glial cell differentiation,19_GO:0032502 developmental process,-2.8,8,5,30284,216,70,4,5.7,2.8,2840|2908|4851|79628,GPR17|NR3C1|NOTCH1|SH3TC2,-0.65,gene_name
GO Biological Processes,19,GO:0050920,regulation of chemotaxis,19_GO:0040011 locomotion,-2.8,8,5,30284,217,70,4,5.7,2.8,1906|3791|4088|4851,EDN1|KDR|SMAD3|NOTCH1,-0.65,gene_name
GO Cellular Components,20,GO:0048471,perinuclear region of cytoplasm,,-2.8,4.1,4.1,30284,745,70,7,10,3.6,3987|4939|7037|23191|30845|85415|115361,LIMS1|OAS2|TFRC|CYFIP1|EHD3|RHPN2|GBP4,-0.64,gene_name
GO Biological Processes,19,GO:0070201,regulation of establishment of protein localization,19_GO:0051179 localization,-2.8,4.7,4.3,30284,547,70,6,8.6,3.3,1392|4088|6566|9531|9695|79628,CRH|SMAD3|SLC16A1|BAG3|EDEM1|SH3TC2,-0.64,gene_name
GO Biological Processes,19,GO:0046545,development of primary female sexual characteristics,19_GO:0022414 reproductive process,-2.8,13,5.7,30284,101,70,3,4.3,2.4,2|3791|4851,A2M|KDR|NOTCH1,-0.64,gene_name
GO Biological Processes,19,GO:0010817,regulation of hormone levels,19_GO:0065007 biological regulation,-2.8,4.7,4.2,30284,548,70,6,8.6,3.3,1392|1906|2908|6338|6566|6926,CRH|EDN1|NR3C1|SCNN1B|SLC16A1|TBX3,-0.64,gene_name
GO Biological Processes,19,GO:0046903,secretion,19_GO:0051179 localization,-2.8,4.7,4.2,30284,550,70,6,8.6,3.3,785|1906|4851|6338|6926|81575,CACNB4|EDN1|NOTCH1|SCNN1B|TBX3|APOLD1,-0.64,gene_name
GO Biological Processes,19,GO:0003073,regulation of systemic arterial blood pressure,19_GO:0032501 multicellular organismal process,-2.8,13,5.7,30284,102,70,3,4.3,2.4,1392|1906|143872,CRH|EDN1|ARHGAP42,-0.64,gene_name
GO Biological Processes,19,GO:0060840,artery development,19_GO:0032502 developmental process,-2.7,12,5.6,30284,104,70,3,4.3,2.4,1906|4851|221395,EDN1|NOTCH1|ADGRF5,-0.61,gene_name
GO Biological Processes,19,GO:0022612,gland morphogenesis,19_GO:0032502 developmental process,-2.7,12,5.6,30284,105,70,3,4.3,2.4,2908|4851|6926,NR3C1|NOTCH1|TBX3,-0.61,gene_name
GO Biological Processes,19,GO:0070848,response to growth factor,19_GO:0050896 response to stimulus,-2.7,4.6,4.2,30284,562,70,6,8.6,3.3,1906|2908|3791|3987|4088|4851,EDN1|NR3C1|KDR|LIMS1|SMAD3|NOTCH1,-0.6,gene_name
GO Biological Processes,19,GO:0003158,endothelium development,19_GO:0032502 developmental process,-2.7,12,5.6,30284,106,70,3,4.3,2.4,1906|3791|4851,EDN1|KDR|NOTCH1,-0.6,gene_name
GO Biological Processes,19,GO:0110020,regulation of actomyosin structure organization,19_GO:0050789 regulation of biological process,-2.7,12,5.6,30284,106,70,3,4.3,2.4,1906|4088|85415,EDN1|SMAD3|RHPN2,-0.6,gene_name
GO Biological Processes,19,GO:0043583,ear development,19_GO:0032502 developmental process,-2.7,7.6,4.8,30284,229,70,4,5.7,2.8,1906|4851|6926|8323,EDN1|NOTCH1|TBX3|FZD6,-0.59,gene_name
GO Molecular Functions,21,GO:0015075,monoatomic ion transmembrane transporter activity,,-2.7,3.9,4,30284,769,70,7,10,3.6,785|3773|6338|6506|6566|7222|57657,CACNB4|KCNJ16|SCNN1B|SLC1A2|SLC16A1|TRPC3|HCN3,-0.59,gene_name
GO Biological Processes,19,GO:0055074,calcium ion homeostasis,19_GO:0042592 homeostatic process,-2.7,7.5,4.8,30284,232,70,4,5.7,2.8,785|1906|3791|7222,CACNB4|EDN1|KDR|TRPC3,-0.58,gene_name
GO Biological Processes,19,GO:1901655,cellular response to ketone,19_GO:0050896 response to stimulus,-2.7,12,5.5,30284,109,70,3,4.3,2.4,1392|2908|6338,CRH|NR3C1|SCNN1B,-0.58,gene_name
GO Biological Processes,19,GO:0098660,inorganic ion transmembrane transport,19_GO:0051179 localization,-2.7,3.9,3.9,30284,780,70,7,10,3.6,785|1906|3773|6338|6566|7222|57657,CACNB4|EDN1|KCNJ16|SCNN1B|SLC16A1|TRPC3|HCN3,-0.57,gene_name
GO Biological Processes,19,GO:0090100,positive regulation of transmembrane receptor protein serine/threonine kinase signaling pathway,19_GO:0048518 positive regulation of biological process,-2.7,12,5.4,30284,111,70,3,4.3,2.4,3791|4088|4851,KDR|SMAD3|NOTCH1,-0.56,gene_name
GO Biological Processes,19,GO:1901890,positive regulation of cell junction assembly,19_GO:0048518 positive regulation of biological process,-2.6,12,5.4,30284,112,70,3,4.3,2.4,3791|3987|4088,KDR|LIMS1|SMAD3,-0.55,gene_name
GO Biological Processes,19,GO:0001701,in utero embryonic development,19_GO:0032502 developmental process,-2.6,5.4,4.3,30284,397,70,5,7.1,3.1,1906|4088|4124|4851|6926,EDN1|SMAD3|MAN2A1|NOTCH1|TBX3,-0.55,gene_name
GO Biological Processes,19,GO:1905954,positive regulation of lipid localization,19_GO:0051179 localization,-2.6,11,5.4,30284,113,70,3,4.3,2.4,1392|1906|51703,CRH|EDN1|ACSL5,-0.55,gene_name
GO Cellular Components,20,GO:0009897,external side of plasma membrane,,-2.6,5.4,4.3,30284,401,70,5,7.1,3.1,3791|5243|6338|7037|9429,KDR|ABCB1|SCNN1B|TFRC|ABCG2,-0.54,gene_name
GO Biological Processes,19,GO:0008285,negative regulation of cell population proliferation,19_GO:0048519 negative regulation of biological process,-2.6,3.8,3.9,30284,795,70,7,10,3.6,785|4088|4851|5074|6926|135228|138151,CACNB4|SMAD3|NOTCH1|PAWR|TBX3|CD109|NACC2,-0.54,gene_name
GO Biological Processes,19,GO:0032103,positive regulation of response to external stimulus,19_GO:0048518 positive regulation of biological process,-2.6,4.4,4,30284,588,70,6,8.6,3.3,1906|3791|4088|5327|81793|84937,EDN1|KDR|SMAD3|PLAT|TLR10|ZNRF1,-0.54,gene_name
GO Biological Processes,19,GO:0034101,erythrocyte homeostasis,19_GO:0042592 homeostatic process,-2.6,11,5.3,30284,115,70,3,4.3,2.4,6338|7067|221395,SCNN1B|THRA|ADGRF5,-0.53,gene_name
GO Biological Processes,19,GO:0055082,intracellular chemical homeostasis,19_GO:0042592 homeostatic process,-2.6,4.4,4,30284,593,70,6,8.6,3.3,785|1906|4088|6338|7037|7222,CACNB4|EDN1|SMAD3|SCNN1B|TFRC|TRPC3,-0.52,gene_name
GO Biological Processes,19,GO:0043547,positive regulation of GTPase activity,19_GO:0065007 biological regulation,-2.6,11,5.3,30284,117,70,3,4.3,2.4,3987|81704|143872,LIMS1|DOCK8|ARHGAP42,-0.52,gene_name
GO Biological Processes,19,GO:0048588,developmental cell growth,19_GO:0040007 growth,-2.6,11,5.3,30284,117,70,3,4.3,2.4,1906|3275|23191,EDN1|PRMT2|CYFIP1,-0.52,gene_name
GO Biological Processes,19,GO:0098773,skin epidermis development,19_GO:0032502 developmental process,-2.6,11,5.2,30284,118,70,3,4.3,2.4,4851|8323|135228,NOTCH1|FZD6|CD109,-0.51,gene_name
GO Biological Processes,19,GO:0060485,mesenchyme development,19_GO:0032502 developmental process,-2.6,7,4.5,30284,248,70,4,5.7,2.8,1906|4088|4851|6926,EDN1|SMAD3|NOTCH1|TBX3,-0.51,gene_name
GO Biological Processes,19,GO:0016049,cell growth,19_GO:0040007 growth,-2.6,11,5.2,30284,119,70,3,4.3,2.4,1906|3275|23191,EDN1|PRMT2|CYFIP1,-0.51,gene_name
GO Biological Processes,19,GO:0015711,organic anion transport,19_GO:0051179 localization,-2.6,5.2,4.2,30284,413,70,5,7.1,3.1,785|5243|6506|6566|9429,CACNB4|ABCB1|SLC1A2|SLC16A1|ABCG2,-0.5,gene_name
GO Biological Processes,19,GO:0098916,anterograde trans-synaptic signaling,19_GO:0050789 regulation of biological process,-2.6,5.2,4.2,30284,414,70,5,7.1,3.1,785|1392|2908|4851|6506,CACNB4|CRH|NR3C1|NOTCH1|SLC1A2,-0.5,gene_name
GO Biological Processes,19,GO:0007268,chemical synaptic transmission,19_GO:0050789 regulation of biological process,-2.6,5.2,4.2,30284,414,70,5,7.1,3.1,785|1392|2908|4851|6506,CACNB4|CRH|NR3C1|NOTCH1|SLC1A2,-0.5,gene_name
GO Biological Processes,19,GO:0051222,positive regulation of protein transport,19_GO:0051179 localization,-2.5,6.7,4.4,30284,257,70,4,5.7,2.8,1392|4088|9531|9695,CRH|SMAD3|BAG3|EDEM1,-0.47,gene_name
GO Biological Processes,19,GO:0045165,cell fate commitment,19_GO:0032502 developmental process,-2.5,6.7,4.4,30284,257,70,4,5.7,2.8,1906|3791|4851|6926,EDN1|KDR|NOTCH1|TBX3,-0.47,gene_name
GO Biological Processes,19,GO:0030326,embryonic limb morphogenesis,19_GO:0032502 developmental process,-2.5,10,5.1,30284,124,70,3,4.3,2.4,4851|6926|8323,NOTCH1|TBX3|FZD6,-0.47,gene_name
GO Biological Processes,19,GO:0035113,embryonic appendage morphogenesis,19_GO:0032502 developmental process,-2.5,10,5.1,30284,124,70,3,4.3,2.4,4851|6926|8323,NOTCH1|TBX3|FZD6,-0.47,gene_name
GO Biological Processes,19,GO:0010811,positive regulation of cell-substrate adhesion,19_GO:0048518 positive regulation of biological process,-2.5,10,5,30284,126,70,3,4.3,2.4,3791|3987|4088,KDR|LIMS1|SMAD3,-0.46,gene_name
GO Biological Processes,19,GO:0035051,cardiocyte differentiation,19_GO:0032502 developmental process,-2.5,10,5,30284,126,70,3,4.3,2.4,1906|4851|6926,EDN1|NOTCH1|TBX3,-0.46,gene_name
GO Biological Processes,19,GO:0008015,blood circulation,19_GO:0032501 multicellular organismal process,-2.5,5,4.1,30284,429,70,5,7.1,3.1,1392|1906|4088|6338|143872,CRH|EDN1|SMAD3|SCNN1B|ARHGAP42,-0.45,gene_name
GO Biological Processes,19,GO:0043434,response to peptide hormone,19_GO:0050896 response to stimulus,-2.5,5,4,30284,431,70,5,7.1,3.1,1906|3791|4088|6338|23191,EDN1|KDR|SMAD3|SCNN1B|CYFIP1,-0.45,gene_name
GO Biological Processes,19,GO:0019221,cytokine-mediated signaling pathway,19_GO:0050896 response to stimulus,-2.5,5,4,30284,431,70,5,7.1,3.1,2840|3791|3987|4851|4939,GPR17|KDR|LIMS1|NOTCH1|OAS2,-0.45,gene_name
GO Biological Processes,19,GO:0051046,regulation of secretion,19_GO:0051179 localization,-2.5,4.1,3.8,30284,626,70,6,8.6,3.3,785|1392|1906|4851|4939|6566,CACNB4|CRH|EDN1|NOTCH1|OAS2|SLC16A1,-0.45,gene_name
GO Molecular Functions,21,GO:0031490,chromatin DNA binding,,-2.5,10,5,30284,128,70,3,4.3,2.4,4088|4851|7067,SMAD3|NOTCH1|THRA,-0.45,gene_name
GO Biological Processes,19,GO:0030003,intracellular monoatomic cation homeostasis,19_GO:0042592 homeostatic process,-2.5,5,4,30284,433,70,5,7.1,3.1,785|1906|6338|7037|7222,CACNB4|EDN1|SCNN1B|TFRC|TRPC3,-0.45,gene_name
GO Biological Processes,19,GO:0003007,heart morphogenesis,19_GO:0032502 developmental process,-2.5,6.5,4.4,30284,265,70,4,5.7,2.8,1906|4088|4851|6926,EDN1|SMAD3|NOTCH1|TBX3,-0.45,gene_name
GO Biological Processes,19,GO:1903522,regulation of blood circulation,19_GO:0032501 multicellular organismal process,-2.5,6.5,4.4,30284,265,70,4,5.7,2.8,1906|7067|30845|143872,EDN1|THRA|EHD3|ARHGAP42,-0.45,gene_name
GO Biological Processes,19,GO:0042471,ear morphogenesis,19_GO:0032502 developmental process,-2.5,10,4.9,30284,130,70,3,4.3,2.4,1906|6926|8323,EDN1|TBX3|FZD6,-0.44,gene_name
GO Biological Processes,19,GO:0007610,behavior,19_GO:0032501 multicellular organismal process,-2.5,4.1,3.8,30284,634,70,6,8.6,3.3,785|1392|2908|6506|6566|7067,CACNB4|CRH|NR3C1|SLC1A2|SLC16A1|THRA,-0.43,gene_name
GO Cellular Components,20,GO:0044306,neuron projection terminus,,-2.5,9.9,4.9,30284,131,70,3,4.3,2.4,6506|23191|57657,SLC1A2|CYFIP1|HCN3,-0.43,gene_name
GO Molecular Functions,21,GO:0008514,organic anion transmembrane transporter activity,,-2.5,6.4,4.3,30284,269,70,4,5.7,2.8,5243|6506|6566|9429,ABCB1|SLC1A2|SLC16A1|ABCG2,-0.43,gene_name
GO Biological Processes,19,GO:1901888,regulation of cell junction assembly,19_GO:0050789 regulation of biological process,-2.4,6.4,4.3,30284,270,70,4,5.7,2.8,3791|3987|4088|79834,KDR|LIMS1|SMAD3|PEAK1,-0.43,gene_name
GO Biological Processes,19,GO:0048871,multicellular organismal-level homeostasis,19_GO:0042592 homeostatic process,-2.4,4.1,3.8,30284,638,70,6,8.6,3.3,3791|4851|6338|7037|7067|221395,KDR|NOTCH1|SCNN1B|TFRC|THRA|ADGRF5,-0.43,gene_name
GO Biological Processes,19,GO:0006873,intracellular monoatomic ion homeostasis,19_GO:0042592 homeostatic process,-2.4,4.9,4,30284,442,70,5,7.1,3.1,785|1906|6338|7037|7222,CACNB4|EDN1|SCNN1B|TFRC|TRPC3,-0.43,gene_name
GO Molecular Functions,21,GO:0003779,actin binding,,-2.4,4.9,4,30284,443,70,5,7.1,3.1,3987|5074|22837|23191|170954,LIMS1|PAWR|COBLL1|CYFIP1|PPP1R18,-0.43,gene_name
GO Biological Processes,19,GO:0032386,regulation of intracellular transport,19_GO:0051179 localization,-2.4,6.3,4.3,30284,273,70,4,5.7,2.8,4088|9531|9695|79628,SMAD3|BAG3|EDEM1|SH3TC2,-0.42,gene_name
GO Biological Processes,19,GO:0050864,regulation of B cell activation,19_GO:0002376 immune system process,-2.4,9.7,4.9,30284,134,70,3,4.3,2.4,5074|7037|64092,PAWR|TFRC|SAMSN1,-0.42,gene_name
GO Molecular Functions,21,GO:0051087,protein-folding chaperone binding,,-2.4,9.7,4.9,30284,134,70,3,4.3,2.4,7037|9531|23234,TFRC|BAG3|DNAJC9,-0.42,gene_name
GO Biological Processes,19,GO:0030855,epithelial cell differentiation,19_GO:0032502 developmental process,-2.4,4,3.7,30284,646,70,6,8.6,3.3,1906|3791|4088|4851|6926|7067,EDN1|KDR|SMAD3|NOTCH1|TBX3|THRA,-0.42,gene_name
GO Molecular Functions,21,GO:0005216,monoatomic ion channel activity,,-2.4,4.8,3.9,30284,448,70,5,7.1,3.1,785|3773|6338|7222|57657,CACNB4|KCNJ16|SCNN1B|TRPC3|HCN3,-0.42,gene_name
GO Biological Processes,19,GO:0007368,determination of left/right symmetry,19_GO:0032502 developmental process,-2.4,9.6,4.8,30284,135,70,3,4.3,2.4,4088|4851|6926,SMAD3|NOTCH1|TBX3,-0.42,gene_name
GO Molecular Functions,21,GO:0099094,ligand-gated monoatomic cation channel activity,,-2.4,9.5,4.8,30284,136,70,3,4.3,2.4,3773|6338|7222,KCNJ16|SCNN1B|TRPC3,-0.41,gene_name
GO Molecular Functions,21,GO:0001217,DNA-binding transcription repressor activity,,-2.4,6.2,4.2,30284,278,70,4,5.7,2.8,2908|4088|6926|138151,NR3C1|SMAD3|TBX3|NACC2,-0.41,gene_name
GO Biological Processes,19,GO:0048593,camera-type eye morphogenesis,19_GO:0032502 developmental process,-2.4,9.5,4.8,30284,137,70,3,4.3,2.4,3791|4124|4851,KDR|MAN2A1|NOTCH1,-0.41,gene_name
GO Biological Processes,19,GO:1905039,carboxylic acid transmembrane transport,19_GO:0051179 localization,-2.4,9.3,4.7,30284,139,70,3,4.3,2.4,5243|6506|6566,ABCB1|SLC1A2|SLC16A1,-0.39,gene_name
GO Biological Processes,19,GO:0032388,positive regulation of intracellular transport,19_GO:0051179 localization,-2.4,9.3,4.7,30284,140,70,3,4.3,2.4,4088|9531|9695,SMAD3|BAG3|EDEM1,-0.38,gene_name
GO Biological Processes,19,GO:0060560,developmental growth involved in morphogenesis,19_GO:0040007 growth,-2.4,9.2,4.7,30284,141,70,3,4.3,2.4,1906|4851|23191,EDN1|NOTCH1|CYFIP1,-0.38,gene_name
GO Biological Processes,19,GO:0042391,regulation of membrane potential,19_GO:0065007 biological regulation,-2.4,4.7,3.8,30284,463,70,5,7.1,3.1,785|1906|3791|30845|57657,CACNB4|EDN1|KDR|EHD3|HCN3,-0.38,gene_name
GO Biological Processes,19,GO:0009855,determination of bilateral symmetry,19_GO:0032502 developmental process,-2.4,9.1,4.7,30284,142,70,3,4.3,2.4,4088|4851|6926,SMAD3|NOTCH1|TBX3,-0.38,gene_name
GO Biological Processes,19,GO:0009799,specification of symmetry,19_GO:0032502 developmental process,-2.4,9.1,4.7,30284,142,70,3,4.3,2.4,4088|4851|6926,SMAD3|NOTCH1|TBX3,-0.38,gene_name
GO Biological Processes,19,GO:0060972,left/right pattern formation,19_GO:0032502 developmental process,-2.4,9.1,4.7,30284,142,70,3,4.3,2.4,4088|4851|6926,SMAD3|NOTCH1|TBX3,-0.38,gene_name
GO Biological Processes,19,GO:0072073,kidney epithelium development,19_GO:0032502 developmental process,-2.3,9.1,4.7,30284,143,70,3,4.3,2.4,1906|4088|4851,EDN1|SMAD3|NOTCH1,-0.38,gene_name
GO Biological Processes,19,GO:0002262,myeloid cell homeostasis,19_GO:0042592 homeostatic process,-2.3,9.1,4.7,30284,143,70,3,4.3,2.4,6338|7067|221395,SCNN1B|THRA|ADGRF5,-0.38,gene_name
GO Biological Processes,19,GO:1903825,organic acid transmembrane transport,19_GO:0051179 localization,-2.3,9.1,4.7,30284,143,70,3,4.3,2.4,5243|6506|6566,ABCB1|SLC1A2|SLC16A1,-0.38,gene_name
GO Molecular Functions,21,GO:0022843,voltage-gated monoatomic cation channel activity,,-2.3,9.1,4.7,30284,143,70,3,4.3,2.4,785|3773|57657,CACNB4|KCNJ16|HCN3,-0.38,gene_name
GO Biological Processes,19,GO:0007548,sex differentiation,19_GO:0022414 reproductive process,-2.3,6,4.1,30284,289,70,4,5.7,2.8,2|3791|4851|6926,A2M|KDR|NOTCH1|TBX3,-0.37,gene_name
GO Biological Processes,19,GO:0009755,hormone-mediated signaling pathway,19_GO:0050896 response to stimulus,-2.3,8.9,4.6,30284,146,70,3,4.3,2.4,1392|2908|7067,CRH|NR3C1|THRA,-0.36,gene_name
GO Biological Processes,19,GO:0050921,positive regulation of chemotaxis,19_GO:0040011 locomotion,-2.3,8.9,4.6,30284,146,70,3,4.3,2.4,1906|3791|4088,EDN1|KDR|SMAD3,-0.36,gene_name
GO Biological Processes,19,GO:0048872,homeostasis of number of cells,19_GO:0042592 homeostatic process,-2.3,5.9,4.1,30284,294,70,4,5.7,2.8,4851|6338|7067|221395,NOTCH1|SCNN1B|THRA|ADGRF5,-0.35,gene_name
GO Biological Processes,19,GO:0042886,amide transport,19_GO:0051179 localization,-2.3,8.7,4.5,30284,149,70,3,4.3,2.4,1906|5243|9429,EDN1|ABCB1|ABCG2,-0.33,gene_name
GO Biological Processes,19,GO:0071375,cellular response to peptide hormone stimulus,19_GO:0050896 response to stimulus,-2.3,5.8,4,30284,299,70,4,5.7,2.8,1906|3791|6338|23191,EDN1|KDR|SCNN1B|CYFIP1,-0.33,gene_name
GO Biological Processes,19,GO:0030097,hemopoiesis,19_GO:0032502 developmental process,-2.3,3.8,3.5,30284,690,70,6,8.6,3.3,2908|3791|7037|7067|135228|221395,NR3C1|KDR|TFRC|THRA|CD109|ADGRF5,-0.32,gene_name
GO Biological Processes,19,GO:0035107,appendage morphogenesis,19_GO:0032502 developmental process,-2.3,8.5,4.5,30284,152,70,3,4.3,2.4,4851|6926|8323,NOTCH1|TBX3|FZD6,-0.32,gene_name
GO Biological Processes,19,GO:0035108,limb morphogenesis,19_GO:0032502 developmental process,-2.3,8.5,4.5,30284,152,70,3,4.3,2.4,4851|6926|8323,NOTCH1|TBX3|FZD6,-0.32,gene_name
GO Biological Processes,19,GO:0048608,reproductive structure development,19_GO:0022414 reproductive process,-2.3,5.7,4,30284,304,70,4,5.7,2.8,2|3791|4851|6926,A2M|KDR|NOTCH1|TBX3,-0.31,gene_name
GO Biological Processes,19,GO:1903531,negative regulation of secretion by cell,19_GO:0051179 localization,-2.3,8.4,4.4,30284,154,70,3,4.3,2.4,1392|1906|4851,CRH|EDN1|NOTCH1,-0.31,gene_name
GO Biological Processes,19,GO:0061458,reproductive system development,19_GO:0032502 developmental process,-2.2,5.6,3.9,30284,308,70,4,5.7,2.8,2|3791|4851|6926,A2M|KDR|NOTCH1|TBX3,-0.3,gene_name
GO Biological Processes,19,GO:0097746,blood vessel diameter maintenance,19_GO:0032501 multicellular organismal process,-2.2,8.3,4.4,30284,156,70,3,4.3,2.4,1906|6338|143872,EDN1|SCNN1B|ARHGAP42,-0.3,gene_name
GO Biological Processes,19,GO:0035296,regulation of tube diameter,19_GO:0065007 biological regulation,-2.2,8.3,4.4,30284,156,70,3,4.3,2.4,1906|6338|143872,EDN1|SCNN1B|ARHGAP42,-0.3,gene_name
GO Biological Processes,19,GO:0035150,regulation of tube size,19_GO:0065007 biological regulation,-2.2,8.3,4.4,30284,157,70,3,4.3,2.4,1906|6338|143872,EDN1|SCNN1B|ARHGAP42,-0.29,gene_name
GO Biological Processes,19,GO:0032368,regulation of lipid transport,19_GO:0051179 localization,-2.2,8.3,4.4,30284,157,70,3,4.3,2.4,1392|1906|51703,CRH|EDN1|ACSL5,-0.29,gene_name
GO Biological Processes,19,GO:0045785,positive regulation of cell adhesion,19_GO:0048518 positive regulation of biological process,-2.2,4.3,3.6,30284,499,70,5,7.1,3.1,3791|3987|4088|7037|81704,KDR|LIMS1|SMAD3|TFRC|DOCK8,-0.28,gene_name
GO Biological Processes,19,GO:0010638,positive regulation of organelle organization,19_GO:0048518 positive regulation of biological process,-2.2,4.3,3.6,30284,499,70,5,7.1,3.1,1906|3791|4088|23191|84937,EDN1|KDR|SMAD3|CYFIP1|ZNRF1,-0.28,gene_name
GO Cellular Components,20,GO:1902495,transmembrane transporter complex,,-2.2,4.3,3.6,30284,503,70,5,7.1,3.1,785|3773|6338|7222|57657,CACNB4|KCNJ16|SCNN1B|TRPC3|HCN3,-0.27,gene_name
GO Biological Processes,19,GO:0002573,myeloid leukocyte differentiation,19_GO:0032502 developmental process,-2.2,8.1,4.3,30284,161,70,3,4.3,2.4,2908|7037|135228,NR3C1|TFRC|CD109,-0.27,gene_name
GO Biological Processes,19,GO:0007584,response to nutrient,19_GO:0050896 response to stimulus,-2.2,8.1,4.3,30284,161,70,3,4.3,2.4,2|6566|7037,A2M|SLC16A1|TFRC,-0.27,gene_name
GO Cellular Components,20,GO:0045178,basal part of cell,,-2.2,5.4,3.8,30284,318,70,4,5.7,2.8,1906|3773|6566|7037,EDN1|KCNJ16|SLC16A1|TFRC,-0.26,gene_name
GO Molecular Functions,21,GO:0015081,sodium ion transmembrane transporter activity,,-2.2,7.9,4.3,30284,164,70,3,4.3,2.4,6338|6506|57657,SCNN1B|SLC1A2|HCN3,-0.25,gene_name
GO Molecular Functions,21,GO:0022803,passive transmembrane transporter activity,,-2.2,4.2,3.6,30284,510,70,5,7.1,3.1,785|3773|6338|7222|57657,CACNB4|KCNJ16|SCNN1B|TRPC3|HCN3,-0.25,gene_name
GO Molecular Functions,21,GO:0015267,channel activity,,-2.2,4.2,3.6,30284,510,70,5,7.1,3.1,785|3773|6338|7222|57657,CACNB4|KCNJ16|SCNN1B|TRPC3|HCN3,-0.25,gene_name
GO Biological Processes,19,GO:0098739,import across plasma membrane,19_GO:0051179 localization,-2.2,7.9,4.3,30284,165,70,3,4.3,2.4,3773|6338|6506,KCNJ16|SCNN1B|SLC1A2,-0.25,gene_name
GO Biological Processes,19,GO:0044089,positive regulation of cellular component biogenesis,19_GO:0048518 positive regulation of biological process,-2.2,4.2,3.5,30284,512,70,5,7.1,3.1,3791|3987|4088|7037|23191,KDR|LIMS1|SMAD3|TFRC|CYFIP1,-0.25,gene_name
GO Biological Processes,19,GO:0048592,eye morphogenesis,19_GO:0032502 developmental process,-2.2,7.8,4.2,30284,166,70,3,4.3,2.4,3791|4124|4851,KDR|MAN2A1|NOTCH1,-0.25,gene_name
GO Biological Processes,19,GO:0042742,defense response to bacterium,19_GO:0044419 biological process involved in interspecies interaction between organisms,-2.2,5.3,3.8,30284,324,70,4,5.7,2.8,4939|6338|115361|254773,OAS2|SCNN1B|GBP4|LYG2,-0.25,gene_name
GO Biological Processes,19,GO:0050804,modulation of chemical synaptic transmission,19_GO:0050789 regulation of biological process,-2.2,4.2,3.5,30284,518,70,5,7.1,3.1,785|1392|1906|5327|23191,CACNB4|CRH|EDN1|PLAT|CYFIP1,-0.24,gene_name
GO Biological Processes,19,GO:0044272,sulfur compound biosynthetic process,19_GO:0009987 cellular process,-2.2,7.7,4.2,30284,168,70,3,4.3,2.4,6506|51703|93010,SLC1A2|ACSL5|B3GNT7,-0.24,gene_name
GO Biological Processes,19,GO:0099177,regulation of trans-synaptic signaling,19_GO:0050789 regulation of biological process,-2.2,4.2,3.5,30284,519,70,5,7.1,3.1,785|1392|1906|5327|23191,CACNB4|CRH|EDN1|PLAT|CYFIP1,-0.23,gene_name
GO Biological Processes,19,GO:0032412,regulation of monoatomic ion transmembrane transporter activity,19_GO:0051179 localization,-2.1,7.7,4.2,30284,169,70,3,4.3,2.4,785|1392|1906,CACNB4|CRH|EDN1,-0.23,gene_name
GO Biological Processes,19,GO:1904951,positive regulation of establishment of protein localization,19_GO:0051179 localization,-2.1,5.2,3.7,30284,331,70,4,5.7,2.8,1392|4088|9531|9695,CRH|SMAD3|BAG3|EDEM1,-0.22,gene_name
GO Biological Processes,19,GO:0048639,positive regulation of developmental growth,19_GO:0040007 growth,-2.1,7.6,4.2,30284,171,70,3,4.3,2.4,1906|4851|23191,EDN1|NOTCH1|CYFIP1,-0.22,gene_name
GO Biological Processes,19,GO:0097190,apoptotic signaling pathway,19_GO:0050896 response to stimulus,-2.1,5.2,3.7,30284,332,70,4,5.7,2.8,1392|4088|5074|9531,CRH|SMAD3|PAWR|BAG3,-0.22,gene_name
GO Biological Processes,19,GO:0043087,regulation of GTPase activity,19_GO:0065007 biological regulation,-2.1,7.5,4.1,30284,172,70,3,4.3,2.4,3987|81704|143872,LIMS1|DOCK8|ARHGAP42,-0.22,gene_name
GO Biological Processes,19,GO:0007420,brain development,19_GO:0032502 developmental process,-2.1,3.5,3.3,30284,745,70,6,8.6,3.3,1392|4851|6506|6926|8323|64426,CRH|NOTCH1|SLC1A2|TBX3|FZD6|SUDS3,-0.22,gene_name
GO Biological Processes,19,GO:0055001,muscle cell development,19_GO:0032502 developmental process,-2.1,7.5,4.1,30284,173,70,3,4.3,2.4,785|4851|6926,CACNB4|NOTCH1|TBX3,-0.22,gene_name
GO Molecular Functions,21,GO:0005244,voltage-gated monoatomic ion channel activity,,-2.1,7.5,4.1,30284,173,70,3,4.3,2.4,785|3773|57657,CACNB4|KCNJ16|HCN3,-0.22,gene_name
GO Cellular Components,20,GO:1990351,transporter complex,,-2.1,4.1,3.4,30284,530,70,5,7.1,3.1,785|3773|6338|7222|57657,CACNB4|KCNJ16|SCNN1B|TRPC3|HCN3,-0.21,gene_name
GO Biological Processes,19,GO:0006937,regulation of muscle contraction,19_GO:0032501 multicellular organismal process,-2.1,7.4,4.1,30284,175,70,3,4.3,2.4,1906|30845|143872,EDN1|EHD3|ARHGAP42,-0.21,gene_name
GO Molecular Functions,21,GO:0022832,voltage-gated channel activity,,-2.1,7.4,4.1,30284,175,70,3,4.3,2.4,785|3773|57657,CACNB4|KCNJ16|HCN3,-0.21,gene_name
GO Biological Processes,19,GO:0048762,mesenchymal cell differentiation,19_GO:0032502 developmental process,-2.1,7.4,4.1,30284,175,70,3,4.3,2.4,1906|4851|6926,EDN1|NOTCH1|TBX3,-0.21,gene_name
GO Biological Processes,19,GO:0051048,negative regulation of secretion,19_GO:0051179 localization,-2.1,7.4,4.1,30284,175,70,3,4.3,2.4,1392|1906|4851,CRH|EDN1|NOTCH1,-0.21,gene_name
GO Biological Processes,19,GO:0022898,regulation of transmembrane transporter activity,19_GO:0051179 localization,-2.1,7.3,4.1,30284,177,70,3,4.3,2.4,785|1392|1906,CACNB4|CRH|EDN1,-0.2,gene_name
GO Biological Processes,19,GO:1902905,positive regulation of supramolecular fiber organization,19_GO:0048518 positive regulation of biological process,-2.1,7.3,4.1,30284,177,70,3,4.3,2.4,1906|4088|23191,EDN1|SMAD3|CYFIP1,-0.2,gene_name
GO Biological Processes,19,GO:0050673,epithelial cell proliferation,19_GO:0009987 cellular process,-2.1,7.3,4.1,30284,177,70,3,4.3,2.4,3791|4851|135228,KDR|NOTCH1|CD109,-0.2,gene_name
GO Biological Processes,19,GO:0034765,regulation of monoatomic ion transmembrane transport,19_GO:0051179 localization,-2.1,5,3.6,30284,345,70,4,5.7,2.8,785|1906|3773|7222,CACNB4|EDN1|KCNJ16|TRPC3,-0.18,gene_name
GO Biological Processes,19,GO:0017015,regulation of transforming growth factor beta receptor signaling pathway,19_GO:0050896 response to stimulus,-2.1,7.1,4,30284,182,70,3,4.3,2.4,4088|64426|135228,SMAD3|SUDS3|CD109,-0.17,gene_name
GO Biological Processes,19,GO:0006869,lipid transport,19_GO:0051179 localization,-2.1,4.9,3.6,30284,350,70,4,5.7,2.8,5243|9429|57488|81575,ABCB1|ABCG2|ESYT2|APOLD1,-0.17,gene_name
GO Biological Processes,19,GO:1903844,regulation of cellular response to transforming growth factor beta stimulus,19_GO:0050896 response to stimulus,-2,7,4,30284,185,70,3,4.3,2.4,4088|64426|135228,SMAD3|SUDS3|CD109,-0.16,gene_name
GO Biological Processes,19,GO:0032956,regulation of actin cytoskeleton organization,19_GO:0050789 regulation of biological process,-2,4.9,3.5,30284,354,70,4,5.7,2.8,1906|4088|23191|85415,EDN1|SMAD3|CYFIP1|RHPN2,-0.15,gene_name
GO Molecular Functions,21,GO:0015276,ligand-gated monoatomic ion channel activity,,-2,7,3.9,30284,186,70,3,4.3,2.4,3773|6338|7222,KCNJ16|SCNN1B|TRPC3,-0.15,gene_name
GO Biological Processes,19,GO:0051495,positive regulation of cytoskeleton organization,19_GO:0048518 positive regulation of biological process,-2,7,3.9,30284,186,70,3,4.3,2.4,1906|4088|23191,EDN1|SMAD3|CYFIP1,-0.15,gene_name
GO Biological Processes,19,GO:0043010,camera-type eye development,19_GO:0032502 developmental process,-2,4.9,3.5,30284,355,70,4,5.7,2.8,3791|4088|4124|4851,KDR|SMAD3|MAN2A1|NOTCH1,-0.15,gene_name
GO Molecular Functions,21,GO:0022834,ligand-gated channel activity,,-2,6.9,3.9,30284,188,70,3,4.3,2.4,3773|6338|7222,KCNJ16|SCNN1B|TRPC3,-0.15,gene_name
GO Molecular Functions,21,GO:0140597,protein carrier chaperone,,-2,6.9,3.9,30284,188,70,3,4.3,2.4,953|9531|27348,ENTPD1|BAG3|TOR1B,-0.15,gene_name
GO Cellular Components,20,GO:0031253,cell projection membrane,,-2,4.8,3.5,30284,359,70,4,5.7,2.8,6506|9429|30845|81704,SLC1A2|ABCG2|EHD3|DOCK8,-0.14,gene_name
GO Biological Processes,19,GO:1905952,regulation of lipid localization,19_GO:0051179 localization,-2,6.9,3.9,30284,189,70,3,4.3,2.4,1392|1906|51703,CRH|EDN1|ACSL5,-0.14,gene_name
GO Biological Processes,19,GO:0007596,blood coagulation,19_GO:0032501 multicellular organismal process,-2,6.9,3.9,30284,189,70,3,4.3,2.4,953|5327|8323,ENTPD1|PLAT|FZD6,-0.14,gene_name
GO Biological Processes,19,GO:0060173,limb development,19_GO:0032502 developmental process,-2,6.8,3.9,30284,190,70,3,4.3,2.4,4851|6926|8323,NOTCH1|TBX3|FZD6,-0.14,gene_name
GO Biological Processes,19,GO:0048736,appendage development,19_GO:0032502 developmental process,-2,6.8,3.9,30284,190,70,3,4.3,2.4,4851|6926|8323,NOTCH1|TBX3|FZD6,-0.14,gene_name
GO Biological Processes,19,GO:0002683,negative regulation of immune system process,19_GO:0002376 immune system process,-2,3.8,3.3,30284,564,70,5,7.1,3.1,2|2840|5074|64092|221395,A2M|GPR17|PAWR|SAMSN1|ADGRF5,-0.14,gene_name
GO Biological Processes,19,GO:0050817,coagulation,19_GO:0032501 multicellular organismal process,-2,6.8,3.9,30284,191,70,3,4.3,2.4,953|5327|8323,ENTPD1|PLAT|FZD6,-0.14,gene_name
