_MEMBER_gene_name,_LogP_gene_name,GO,Description,_PATTERN_,_RANK_,CHILD_GO_gene_name
1,-7.890250742698915,GO:0051179,localization,M1,1,GO:0070633 transepithelial transport
1,-6.579915779895734,GO:0032501,multicellular organismal process,M1,1,GO:0003018 vascular process in circulatory system
1,-6.2020678358658055,GO:0032502,developmental process,M1,1,GO:0048732 gland development
1,-4.890037233619164,GO:0050896,response to stimulus,M1,1,GO:0071345 cellular response to cytokine stimulus
1,-4.851893443389691,GO:0050789,regulation of biological process,M1,1,GO:0051893 regulation of focal adhesion assembly
1,-4.574274016722842,GO:0009987,cellular process,M1,1,GO:0072089 stem cell proliferation
1,-4.574274016722842,GO:0048519,negative regulation of biological process,M1,1,GO:0061045 negative regulation of wound healing
1,-4.528741514686985,GO:0048518,positive regulation of biological process,M1,1,GO:0051894 positive regulation of focal adhesion assembly
1,-4.462170470563924,GO:0042592,homeostatic process,M1,1,GO:0140962 multicellular organismal-level chemical homeostasis
1,-4.142544784444787,GO:0040007,growth,M1,1,GO:0048589 developmental growth
1,-3.811978945402685,GO:0022414,reproductive process,M1,1,GO:0046660 female sex differentiation
1,-3.663989407660051,GO:0065007,biological regulation,M1,1,GO:0050878 regulation of body fluid levels
1,-2.8439827561291735,GO:0044419,biological process involved in interspecies interaction between organisms,M1,1,GO:0009617 response to bacterium
1,-2.789305551681494,GO:0040011,locomotion,M1,1,GO:0050920 regulation of chemotaxis
1,-2.4277174562129997,GO:0002376,immune system process,M1,1,GO:0050864 regulation of B cell activation
