_MEMBER_gene_name,_LogP_gene_name,GO,Description,_PATTERN_,_RANK_,GiniIndex
1,-4.6,GO:0061045,negative regulation of wound healing,M1,1,0
1,-2.7,GO:0090100,positive regulation of transmembrane receptor protein serine/threonine kinase signaling pathway,M1,1,0
1,-3.5,GO:0001944,vasculature development,M1,1,0
1,-2.3,GO:0022843,voltage-gated monoatomic cation channel activity,M1,1,0
1,-3.4,GO:0071383,cellular response to steroid hormone stimulus,M1,1,0
1,-3.1,GO:0008324,monoatomic cation transmembrane transporter activity,M1,1,0
1,-2.9,GO:0032370,positive regulation of lipid transport,M1,1,0
1,-3.8,GO:0046660,female sex differentiation,M1,1,0
1,-3.2,GO:0046873,metal ion transmembrane transporter activity,M1,1,0
1,-2.3,GO:0002262,myeloid cell homeostasis,M1,1,0
1,-2,GO:0022834,ligand-gated channel activity,M1,1,0
1,-2.6,GO:0001701,in utero embryonic development,M1,1,0
1,-2.9,GO:0004553,"hydrolase activity, hydrolyzing O-glycosyl compounds",M1,1,0
1,-2.9,GO:0098655,monoatomic cation transmembrane transport,M1,1,0
1,-3.1,GO:0003151,outflow tract morphogenesis,M1,1,0
1,-4.5,GO:0090257,regulation of muscle system process,M1,1,0
1,-3.7,GO:0001952,regulation of cell-matrix adhesion,M1,1,0
1,-3.1,GO:0030856,regulation of epithelial cell differentiation,M1,1,0
1,-6.5,GO:0003013,circulatory system process,M1,1,0
1,-3.5,GO:0001775,cell activation,M1,1,0
1,-3.5,GO:0071385,cellular response to glucocorticoid stimulus,M1,1,0
1,-4.7,GO:0097205,renal filtration,M1,1,0
1,-4.9,GO:0003094,glomerular filtration,M1,1,0
1,-4.1,GO:0043502,regulation of muscle adaptation,M1,1,0
1,-2.2,GO:0050804,modulation of chemical synaptic transmission,M1,1,0
1,-2.8,GO:0046545,development of primary female sexual characteristics,M1,1,0
1,-2.6,GO:0032103,positive regulation of response to external stimulus,M1,1,0
1,-3.8,GO:0060541,respiratory system development,M1,1,0
1,-2.1,GO:0022898,regulation of transmembrane transporter activity,M1,1,0
1,-3.1,GO:0036293,response to decreased oxygen levels,M1,1,0
1,-6.6,GO:0003018,vascular process in circulatory system,M1,1,0
1,-4,GO:0071407,cellular response to organic cyclic compound,M1,1,0
1,-3.9,GO:0034762,regulation of transmembrane transport,M1,1,0
1,-2.1,GO:0032412,regulation of monoatomic ion transmembrane transporter activity,M1,1,0
1,-2.3,GO:1903531,negative regulation of secretion by cell,M1,1,0
1,-3,GO:0001837,epithelial to mesenchymal transition,M1,1,0
1,-3.3,GO:0048514,blood vessel morphogenesis,M1,1,0
1,-2.3,GO:0042886,amide transport,M1,1,0
1,-2.3,GO:1903825,organic acid transmembrane transport,M1,1,0
1,-4.6,GO:1900180,regulation of protein localization to nucleus,M1,1,0
1,-2.4,GO:0051087,protein-folding chaperone binding,M1,1,0
1,-2.7,GO:0055074,calcium ion homeostasis,M1,1,0
1,-3.2,GO:1901699,cellular response to nitrogen compound,M1,1,0
1,-2.6,GO:1901890,positive regulation of cell junction assembly,M1,1,0
1,-2.4,GO:0009855,determination of bilateral symmetry,M1,1,0
1,-3.2,GO:0003143,embryonic heart tube morphogenesis,M1,1,0
1,-2.2,GO:0045178,basal part of cell,M1,1,0
1,-2,GO:0060173,limb development,M1,1,0
1,-2.1,GO:0050673,epithelial cell proliferation,M1,1,0
1,-2.6,GO:0007268,chemical synaptic transmission,M1,1,0
1,-2.3,GO:0035108,limb morphogenesis,M1,1,0
1,-4.6,GO:0014743,regulation of muscle hypertrophy,M1,1,0
1,-2.1,GO:1902905,positive regulation of supramolecular fiber organization,M1,1,0
1,-3,GO:0090092,regulation of transmembrane receptor protein serine/threonine kinase signaling pathway,M1,1,0
1,-4.9,GO:0071345,cellular response to cytokine stimulus,M1,1,0
1,-4.5,GO:0051894,positive regulation of focal adhesion assembly,M1,1,0
1,-3.1,GO:0001763,morphogenesis of a branching structure,M1,1,0
1,-2.3,GO:0048872,homeostasis of number of cells,M1,1,0
1,-2.2,GO:0035150,regulation of tube size,M1,1,0
1,-2.2,GO:0015081,sodium ion transmembrane transporter activity,M1,1,0
1,-2.4,GO:1905039,carboxylic acid transmembrane transport,M1,1,0
1,-3,GO:0022405,hair cycle process,M1,1,0
1,-4.3,GO:0032870,cellular response to hormone stimulus,M1,1,0
1,-2.2,GO:0099177,regulation of trans-synaptic signaling,M1,1,0
1,-2.8,GO:0010001,glial cell differentiation,M1,1,0
1,-5.1,GO:0060562,epithelial tube morphogenesis,M1,1,0
1,-2.5,GO:0031490,chromatin DNA binding,M1,1,0
1,-4.1,GO:0032102,negative regulation of response to external stimulus,M1,1,0
1,-2.4,GO:0032388,positive regulation of intracellular transport,M1,1,0
1,-4.9,GO:0003014,renal system process,M1,1,0
1,-2.1,GO:0051048,negative regulation of secretion,M1,1,0
1,-2.7,GO:0070848,response to growth factor,M1,1,0
1,-2.2,GO:0044272,sulfur compound biosynthetic process,M1,1,0
1,-2.4,GO:0005216,monoatomic ion channel activity,M1,1,0
1,-5.6,GO:1900182,positive regulation of protein localization to nucleus,M1,1,0
1,-2.4,GO:0001217,DNA-binding transcription repressor activity,M1,1,0
1,-4.5,GO:0031960,response to corticosteroid,M1,1,0
1,-2.3,GO:0035107,appendage morphogenesis,M1,1,0
1,-2,GO:1905952,regulation of lipid localization,M1,1,0
1,-2.4,GO:0048593,camera-type eye morphogenesis,M1,1,0
1,-3.3,GO:0098771,inorganic ion homeostasis,M1,1,0
1,-2.6,GO:0015711,organic anion transport,M1,1,0
1,-3,GO:0098662,inorganic cation transmembrane transport,M1,1,0
1,-2.6,GO:0098916,anterograde trans-synaptic signaling,M1,1,0
1,-2.4,GO:0032386,regulation of intracellular transport,M1,1,0
1,-2.5,GO:0010811,positive regulation of cell-substrate adhesion,M1,1,0
1,-2.8,GO:0043235,receptor complex,M1,1,0
1,-3.1,GO:1903034,regulation of response to wounding,M1,1,0
1,-3.5,GO:0048754,branching morphogenesis of an epithelial tube,M1,1,0
1,-2.1,GO:0034765,regulation of monoatomic ion transmembrane transport,M1,1,0
1,-2.5,GO:0035113,embryonic appendage morphogenesis,M1,1,0
1,-4.1,GO:0008217,regulation of blood pressure,M1,1,0
1,-3.4,GO:0001947,heart looping,M1,1,0
1,-4.4,GO:0030325,adrenal gland development,M1,1,0
1,-2.1,GO:0055001,muscle cell development,M1,1,0
1,-2.1,GO:0005244,voltage-gated monoatomic ion channel activity,M1,1,0
1,-2.1,GO:0097190,apoptotic signaling pathway,M1,1,0
1,-2.8,GO:0010817,regulation of hormone levels,M1,1,0
1,-2.9,GO:0090316,positive regulation of intracellular protein transport,M1,1,0
1,-3.3,GO:0061371,determination of heart left/right asymmetry,M1,1,0
1,-2,GO:0031253,cell projection membrane,M1,1,0
1,-2.1,GO:0048639,positive regulation of developmental growth,M1,1,0
1,-2.5,GO:0035051,cardiocyte differentiation,M1,1,0
1,-7.9,GO:0070633,transepithelial transport,M1,1,0
1,-2.6,GO:0055082,intracellular chemical homeostasis,M1,1,0
1,-4.4,GO:0035050,embryonic heart tube development,M1,1,0
1,-3.6,GO:0001889,liver development,M1,1,0
1,-2.6,GO:0098773,skin epidermis development,M1,1,0
1,-3.2,GO:0098857,membrane microdomain,M1,1,0
1,-3.1,GO:0099536,synaptic signaling,M1,1,0
1,-2.1,GO:0048762,mesenchymal cell differentiation,M1,1,0
1,-2.9,GO:0051090,regulation of DNA-binding transcription factor activity,M1,1,0
1,-4.8,GO:0045177,apical part of cell,M1,1,0
1,-4.1,GO:0030324,lung development,M1,1,0
1,-4.2,GO:0044057,regulation of system process,M1,1,0
1,-3,GO:0042060,wound healing,M1,1,0
1,-2.5,GO:0019221,cytokine-mediated signaling pathway,M1,1,0
1,-2.1,GO:1904951,positive regulation of establishment of protein localization,M1,1,0
1,-3.4,GO:0048729,tissue morphogenesis,M1,1,0
1,-2.3,GO:0072073,kidney epithelium development,M1,1,0
1,-2.1,GO:0022832,voltage-gated channel activity,M1,1,0
1,-2.4,GO:0060560,developmental growth involved in morphogenesis,M1,1,0
1,-4.1,GO:0048568,embryonic organ development,M1,1,0
1,-3.1,GO:0043269,regulation of monoatomic ion transport,M1,1,0
1,-4.6,GO:0010611,regulation of cardiac muscle hypertrophy,M1,1,0
1,-5.7,GO:0010232,vascular transport,M1,1,0
1,-3.2,GO:0045121,membrane raft,M1,1,0
1,-4.9,GO:0035270,endocrine system development,M1,1,0
1,-2.2,GO:0032368,regulation of lipid transport,M1,1,0
1,-2.2,GO:0045785,positive regulation of cell adhesion,M1,1,0
1,-2,GO:0043010,camera-type eye development,M1,1,0
1,-2.2,GO:0098739,import across plasma membrane,M1,1,0
1,-2.8,GO:0071363,cellular response to growth factor stimulus,M1,1,0
1,-2.4,GO:0042391,regulation of membrane potential,M1,1,0
1,-2.6,GO:0060485,mesenchyme development,M1,1,0
1,-2.9,GO:0098657,import into cell,M1,1,0
1,-2.8,GO:0015318,inorganic molecular entity transmembrane transporter activity,M1,1,0
1,-4.1,GO:0040007,growth,M1,1,0
1,-3.2,GO:0009611,response to wounding,M1,1,0
1,-3.4,GO:0033157,regulation of intracellular protein transport,M1,1,0
1,-3.7,GO:0050801,monoatomic ion homeostasis,M1,1,0
1,-2.5,GO:0042471,ear morphogenesis,M1,1,0
1,-2,GO:0002683,negative regulation of immune system process,M1,1,0
1,-3.5,GO:0001954,positive regulation of cell-matrix adhesion,M1,1,0
1,-2.9,GO:0055080,monoatomic cation homeostasis,M1,1,0
1,-2.4,GO:0060972,left/right pattern formation,M1,1,0
1,-2.5,GO:0044306,neuron projection terminus,M1,1,0
1,-2.3,GO:0048608,reproductive structure development,M1,1,0
1,-3.1,GO:0030099,myeloid cell differentiation,M1,1,0
1,-6.2,GO:0048732,gland development,M1,1,0
1,-2.6,GO:1905954,positive regulation of lipid localization,M1,1,0
1,-4,GO:0030323,respiratory tube development,M1,1,0
1,-2.2,GO:0035296,regulation of tube diameter,M1,1,0
1,-2.4,GO:0003779,actin binding,M1,1,0
1,-2,GO:1903844,regulation of cellular response to transforming growth factor beta stimulus,M1,1,0
1,-2.4,GO:0007368,determination of left/right symmetry,M1,1,0
1,-2.9,GO:0005261,monoatomic cation channel activity,M1,1,0
1,-3.3,GO:0022890,inorganic cation transmembrane transporter activity,M1,1,0
1,-2.1,GO:0017015,regulation of transforming growth factor beta receptor signaling pathway,M1,1,0
1,-2.1,GO:0043087,regulation of GTPase activity,M1,1,0
1,-2.7,GO:0098660,inorganic ion transmembrane transport,M1,1,0
1,-2.2,GO:1902495,transmembrane transporter complex,M1,1,0
1,-3,GO:0046943,carboxylic acid transmembrane transporter activity,M1,1,0
1,-2.2,GO:0097746,blood vessel diameter maintenance,M1,1,0
1,-2.4,GO:0048871,multicellular organismal-level homeostasis,M1,1,0
1,-3.3,GO:0009410,response to xenobiotic stimulus,M1,1,0
1,-3.4,GO:0016324,apical plasma membrane,M1,1,0
1,-2.4,GO:0006873,intracellular monoatomic ion homeostasis,M1,1,0
1,-2.2,GO:0061458,reproductive system development,M1,1,0
1,-2.4,GO:0009799,specification of symmetry,M1,1,0
1,-3,GO:0005342,organic acid transmembrane transporter activity,M1,1,0
1,-3.1,GO:0022836,gated channel activity,M1,1,0
1,-5.7,GO:0150104,transport across blood-brain barrier,M1,1,0
1,-3.5,GO:0072132,mesenchyme morphogenesis,M1,1,0
1,-3.2,GO:0071559,response to transforming growth factor beta,M1,1,0
1,-2.6,GO:0043547,positive regulation of GTPase activity,M1,1,0
1,-2.2,GO:0022803,passive transmembrane transporter activity,M1,1,0
1,-2.5,GO:0030003,intracellular monoatomic cation homeostasis,M1,1,0
1,-4.1,GO:0072091,regulation of stem cell proliferation,M1,1,0
1,-3.3,GO:0048545,response to steroid hormone,M1,1,0
1,-2.6,GO:0009897,external side of plasma membrane,M1,1,0
1,-3.8,GO:0010810,regulation of cell-substrate adhesion,M1,1,0
1,-3.5,GO:0098552,side of membrane,M1,1,0
1,-2,GO:0015276,ligand-gated monoatomic ion channel activity,M1,1,0
1,-2.7,GO:0003158,endothelium development,M1,1,0
1,-2.5,GO:0007610,behavior,M1,1,0
1,-3,GO:0045296,cadherin binding,M1,1,0
1,-2.8,GO:0008585,female gonad development,M1,1,0
1,-3.6,GO:0001568,blood vessel development,M1,1,0
1,-3.3,GO:0007423,sensory organ development,M1,1,0
1,-4.8,GO:0071384,cellular response to corticosteroid stimulus,M1,1,0
1,-3.1,GO:0015849,organic acid transport,M1,1,0
1,-3.5,GO:0061041,regulation of wound healing,M1,1,0
1,-4.1,GO:1903035,negative regulation of response to wounding,M1,1,0
1,-3.8,GO:1901654,response to ketone,M1,1,0
1,-2.4,GO:0050864,regulation of B cell activation,M1,1,0
1,-3.5,GO:0010656,negative regulation of muscle cell apoptotic process,M1,1,0
1,-3.6,GO:0031072,heat shock protein binding,M1,1,0
1,-2.5,GO:0030326,embryonic limb morphogenesis,M1,1,0
1,-4,GO:0002009,morphogenesis of an epithelium,M1,1,0
1,-2.4,GO:1901888,regulation of cell junction assembly,M1,1,0
1,-3.2,GO:0051223,regulation of protein transport,M1,1,0
1,-2.5,GO:0043434,response to peptide hormone,M1,1,0
1,-3.5,GO:0006939,smooth muscle contraction,M1,1,0
1,-2.8,GO:0034764,positive regulation of transmembrane transport,M1,1,0
1,-3.1,GO:0043009,chordate embryonic development,M1,1,0
1,-2.2,GO:0002573,myeloid leukocyte differentiation,M1,1,0
1,-3.4,GO:0042733,embryonic digit morphogenesis,M1,1,0
1,-3.5,GO:0051384,response to glucocorticoid,M1,1,0
1,-2.5,GO:0051222,positive regulation of protein transport,M1,1,0
1,-3.2,GO:0048562,embryonic organ morphogenesis,M1,1,0
1,-2.3,GO:0009755,hormone-mediated signaling pathway,M1,1,0
1,-2,GO:0048736,appendage development,M1,1,0
1,-2.5,GO:0003007,heart morphogenesis,M1,1,0
1,-2.8,GO:0042633,hair cycle,M1,1,0
1,-2.7,GO:1901655,cellular response to ketone,M1,1,0
1,-4.7,GO:0150116,regulation of cell-substrate junction organization,M1,1,0
1,-2.3,GO:0071375,cellular response to peptide hormone stimulus,M1,1,0
1,-2,GO:0140597,protein carrier chaperone,M1,1,0
1,-2.8,GO:0050920,regulation of chemotaxis,M1,1,0
1,-3.6,GO:0016798,"hydrolase activity, acting on glycosyl bonds",M1,1,0
1,-2.7,GO:0110020,regulation of actomyosin structure organization,M1,1,0
1,-2.8,GO:0034702,monoatomic ion channel complex,M1,1,0
1,-2,GO:0032956,regulation of actin cytoskeleton organization,M1,1,0
1,-3.7,GO:0071548,response to dexamethasone,M1,1,0
1,-4.3,GO:0090596,sensory organ morphogenesis,M1,1,0
1,-3,GO:0022404,molting cycle process,M1,1,0
1,-4.9,GO:0051893,regulation of focal adhesion assembly,M1,1,0
1,-3.7,GO:0050878,regulation of body fluid levels,M1,1,0
1,-4.5,GO:0140962,multicellular organismal-level chemical homeostasis,M1,1,0
1,-2,GO:0051495,positive regulation of cytoskeleton organization,M1,1,0
1,-2.8,GO:0003073,regulation of systemic arterial blood pressure,M1,1,0
1,-4.3,GO:0150117,positive regulation of cell-substrate junction organization,M1,1,0
1,-2.7,GO:0060840,artery development,M1,1,0
1,-2.8,GO:0010660,regulation of muscle cell apoptotic process,M1,1,0
1,-2.8,GO:0048471,perinuclear region of cytoplasm,M1,1,0
1,-2.5,GO:0008514,organic anion transmembrane transporter activity,M1,1,0
1,-3,GO:0009792,embryo development ending in birth or egg hatching,M1,1,0
1,-4.9,GO:0090109,regulation of cell-substrate junction assembly,M1,1,0
1,-2.6,GO:0034101,erythrocyte homeostasis,M1,1,0
1,-3.1,GO:0030001,metal ion transport,M1,1,0
1,-3,GO:0140352,export from cell,M1,1,0
1,-2.7,GO:0043583,ear development,M1,1,0
1,-2,GO:0050817,coagulation,M1,1,0
1,-3.2,GO:0061138,morphogenesis of a branching epithelium,M1,1,0
1,-3.8,GO:1903829,positive regulation of protein localization,M1,1,0
1,-2,GO:0007596,blood coagulation,M1,1,0
1,-2.4,GO:0030855,epithelial cell differentiation,M1,1,0
1,-2.8,GO:0042803,protein homodimerization activity,M1,1,0
1,-3,GO:0001942,hair follicle development,M1,1,0
1,-2.1,GO:0006869,lipid transport,M1,1,0
1,-4.6,GO:0072089,stem cell proliferation,M1,1,0
1,-2.6,GO:0016049,cell growth,M1,1,0
1,-2.6,GO:0048588,developmental cell growth,M1,1,0
1,-2.2,GO:0048592,eye morphogenesis,M1,1,0
1,-2.9,GO:0001525,angiogenesis,M1,1,0
1,-2.8,GO:0070201,regulation of establishment of protein localization,M1,1,0
1,-2.1,GO:0006937,regulation of muscle contraction,M1,1,0
1,-2.1,GO:0007420,brain development,M1,1,0
1,-2.3,GO:0050921,positive regulation of chemotaxis,M1,1,0
1,-2.3,GO:0007548,sex differentiation,M1,1,0
1,-2.2,GO:0042742,defense response to bacterium,M1,1,0
1,-2.5,GO:1903522,regulation of blood circulation,M1,1,0
1,-2.1,GO:1990351,transporter complex,M1,1,0
1,-2.2,GO:0015267,channel activity,M1,1,0
1,-2.8,GO:0042303,molting cycle,M1,1,0
1,-3.2,GO:0048844,artery morphogenesis,M1,1,0
1,-2.5,GO:0051046,regulation of secretion,M1,1,0
1,-2.5,GO:0045165,cell fate commitment,M1,1,0
1,-4.3,GO:0006954,inflammatory response,M1,1,0
1,-2.3,GO:0030097,hemopoiesis,M1,1,0
1,-2.2,GO:0007584,response to nutrient,M1,1,0
1,-2.7,GO:0022612,gland morphogenesis,M1,1,0
1,-3.2,GO:0046942,carboxylic acid transport,M1,1,0
1,-2.9,GO:0070482,response to oxygen levels,M1,1,0
1,-3.2,GO:0071560,cellular response to transforming growth factor beta stimulus,M1,1,0
1,-4.1,GO:0051385,response to mineralocorticoid,M1,1,0
1,-2.8,GO:0009617,response to bacterium,M1,1,0
1,-3.1,GO:0001666,response to hypoxia,M1,1,0
1,-4.3,GO:0030878,thyroid gland development,M1,1,0
1,-2.4,GO:0099094,ligand-gated monoatomic cation channel activity,M1,1,0
1,-2.2,GO:0044089,positive regulation of cellular component biogenesis,M1,1,0
1,-3.6,GO:0008283,cell population proliferation,M1,1,0
1,-2.9,GO:0019725,cellular homeostasis,M1,1,0
1,-3.6,GO:0090287,regulation of cellular response to growth factor stimulus,M1,1,0
1,-2.7,GO:0015075,monoatomic ion transmembrane transporter activity,M1,1,0
1,-4.1,GO:0048589,developmental growth,M1,1,0
1,-3.5,GO:0061008,hepaticobiliary system development,M1,1,0
1,-5.4,GO:0035239,tube morphogenesis,M1,1,0
1,-2.6,GO:0008285,negative regulation of cell population proliferation,M1,1,0
1,-3.7,GO:0034703,cation channel complex,M1,1,0
1,-3.3,GO:0099537,trans-synaptic signaling,M1,1,0
1,-3.4,GO:0042063,gliogenesis,M1,1,0
1,-2.5,GO:0008015,blood circulation,M1,1,0
1,-3,GO:0048863,stem cell differentiation,M1,1,0
1,-2.2,GO:0010638,positive regulation of organelle organization,M1,1,0
1,-2.8,GO:0046903,secretion,M1,1,0
